Date,KOSPI,PER,PBR
2002-01-02,724.95,27.05,
2002-01-03,727.66,27.13,
2002-01-04,747.72,28.29,
2002-01-07,751.48,28.42,
2002-01-08,734.76,27.79,
2002-01-09,751.61,28.38,
2002-01-10,728.23,27.5,
2002-01-11,727.36,27.49,
2002-01-14,744.03,28.1,
2002-01-15,718.64,27.4,
2002-01-16,710.95,27.13,
2002-01-17,713.5,27.16,
2002-01-18,708.47,26.87,
2002-01-21,717.35,28.77,
2002-01-22,724.36,29.18,
2002-01-23,742.62,29.98,
2002-01-24,757.71,30.61,
2002-01-25,774.68,31.29,
2002-01-28,780.24,31.5,
2002-01-29,774.03,31.26,
2002-01-30,749.45,29.82,
2002-01-31,748.07,29.78,
2002-02-01,742.42,29.54,
2002-02-04,730.21,29.19,
2002-02-05,739.91,29.53,
2002-02-06,741.55,29.62,
2002-02-07,727.71,29.01,
2002-02-08,739.66,29.51,
2002-02-14,796.18,31.82,
2002-02-15,783.59,31.29,
2002-02-18,790.37,31.58,
2002-02-19,782.27,31.24,
2002-02-20,776.89,31.29,
2002-02-21,787.62,31.71,
2002-02-22,792.0,31.9,
2002-02-25,791.48,31.86,
2002-02-26,801.14,32.53,
2002-02-27,822.11,33.39,
2002-02-28,819.99,33.44,
2002-03-04,834.21,34.06,
2002-03-05,841.95,34.37,
2002-03-06,843.06,34.4,
2002-03-07,829.44,33.85,
2002-03-08,825.27,33.69,
2002-03-11,827.02,33.81,
2002-03-12,846.03,34.62,
2002-03-13,849.13,34.8,
2002-03-14,856.86,35.14,
2002-03-15,860.36,34.86,
2002-03-18,869.71,34.67,
2002-03-19,889.98,35.52,
2002-03-20,887.48,35.46,
2002-03-21,885.64,35.44,
2002-03-22,895.98,35.86,
2002-03-25,879.41,38.6,
2002-03-26,881.03,38.67,
2002-03-27,902.46,41.93,
2002-03-28,892.67,41.49,
2002-03-29,895.58,41.6,
2002-04-01,875.83,40.38,
2002-04-02,905.34,42.33,
2002-04-03,918.59,42.97,
2002-04-04,918.01,42.6,
2002-04-08,900.69,41.76,
2002-04-09,888.67,42.55,
2002-04-10,856.03,41.02,
2002-04-11,862.86,41.46,
2002-04-12,875.69,42.12,
2002-04-15,894.28,43.03,
2002-04-16,901.29,43.37,
2002-04-17,930.51,44.8,
2002-04-18,937.61,45.1,
2002-04-19,923.94,44.42,
2002-04-22,920.89,40.69,
2002-04-23,925.7,31.77,1.53
2002-04-24,915.69,31.4,1.51
2002-04-25,872.58,29.95,1.44
2002-04-26,869.65,29.89,1.44
2002-04-29,838.51,28.82,1.39
2002-04-30,842.34,28.96,1.4
2002-05-02,859.86,29.54,1.42
2002-05-03,856.72,29.16,1.42
2002-05-06,826.87,28.39,1.37
2002-05-07,826.34,28.04,1.38
2002-05-08,844.67,28.62,1.41
2002-05-09,838.67,28.39,1.4
2002-05-10,817.93,27.76,1.37
2002-05-13,821.89,27.91,1.38
2002-05-14,837.37,28.71,1.42
2002-05-15,862.62,29.56,1.46
2002-05-16,858.04,29.42,1.45
2002-05-17,875.03,29.99,1.48
2002-05-20,865.78,29.66,1.45
2002-05-21,837.56,28.7,1.41
2002-05-22,863.06,29.58,1.45
2002-05-23,845.51,28.97,1.42
2002-05-24,854.57,29.28,1.43
2002-05-27,840.57,28.8,1.41
2002-05-28,848.8,29.08,1.43
2002-05-29,835.19,28.62,1.4
2002-05-30,815.61,27.97,1.37
2002-05-31,796.4,27.39,1.34
2002-06-03,804.93,27.71,1.36
2002-06-04,806.33,27.75,1.36
2002-06-05,809.59,27.82,1.36
2002-06-07,795.16,27.51,1.27
2002-06-10,811.9,28.1,1.29
2002-06-11,815.33,28.2,1.3
2002-06-12,823.06,29.26,1.31
2002-06-14,822.01,29.35,1.32
2002-06-17,809.16,28.85,1.29
2002-06-18,809.4,28.85,1.29
2002-06-19,776.37,27.68,1.24
2002-06-20,776.81,27.69,1.24
2002-06-21,778.53,27.72,1.24
2002-06-24,767.92,26.04,1.25
2002-06-25,755.92,25.64,1.23
2002-06-26,701.87,24.0,1.14
2002-06-27,710.43,24.38,1.16
2002-06-28,742.72,25.47,1.21
2002-07-02,746.23,24.64,1.21
2002-07-03,753.36,24.88,1.22
2002-07-04,768.74,25.42,1.25
2002-07-05,787.83,26.04,1.28
2002-07-08,783.35,25.89,1.27
2002-07-09,801.99,26.51,1.31
2002-07-10,794.71,26.27,1.29
2002-07-11,764.88,25.27,1.24
2002-07-12,792.93,26.24,1.29
2002-07-15,783.52,25.94,1.28
2002-07-16,771.45,25.25,1.26
2002-07-18,773.85,25.31,1.26
2002-07-19,754.62,19.34,1.22
2002-07-22,720.9,18.48,1.16
2002-07-23,743.52,19.07,1.2
2002-07-24,721.41,18.48,1.16
2002-07-25,723.52,18.54,1.16
2002-07-26,697.84,17.22,1.12
2002-07-29,700.35,17.3,1.13
2002-07-30,724.08,17.9,1.17
2002-07-31,717.99,17.76,1.16
2002-08-01,707.8,17.51,1.14
2002-08-02,700.68,17.33,1.13
2002-08-05,675.76,16.73,1.09
2002-08-06,673.78,16.7,1.09
2002-08-07,679.37,16.85,1.1
2002-08-08,684.49,17.04,1.11
2002-08-09,692.45,17.27,1.12
2002-08-12,695.39,17.34,1.13
2002-08-13,708.63,18.29,1.15
2002-08-14,711.24,18.39,1.16
2002-08-16,718.29,18.41,1.17
2002-08-19,717.58,18.43,1.17
2002-08-20,736.7,18.92,1.2
2002-08-21,745.12,19.14,1.22
2002-08-22,745.75,19.15,1.22
2002-08-23,740.51,19.03,1.21
2002-08-26,734.79,18.9,1.2
2002-08-27,724.17,18.61,1.18
2002-08-28,724.05,18.62,1.18
2002-08-29,724.94,18.61,1.18
2002-08-30,736.4,18.89,1.2
2002-09-02,751.98,19.3,1.23
2002-09-03,740.59,19.01,1.21
2002-09-04,723.05,18.54,1.18
2002-09-05,720.98,18.49,1.18
2002-09-06,708.73,18.17,1.16
2002-09-09,697.89,17.9,1.14
2002-09-10,713.3,18.29,1.16
2002-09-11,724.71,18.58,1.18
2002-09-12,739.22,18.96,1.21
2002-09-13,718.17,18.4,1.17
2002-09-16,704.38,18.1,1.15
2002-09-17,726.8,18.71,1.19
2002-09-18,703.87,18.12,1.15
2002-09-19,704.12,18.12,1.15
2002-09-23,679.43,17.49,1.11
2002-09-24,672.28,17.32,1.1
2002-09-25,657.96,16.98,1.07
2002-09-26,662.41,17.1,1.08
2002-09-27,663.72,17.22,1.09
2002-09-30,646.42,16.8,1.06
2002-10-01,652.13,16.94,1.07
2002-10-02,648.1,16.84,1.07
2002-10-04,650.92,16.91,1.07
2002-10-07,627.4,16.3,1.03
2002-10-08,634.84,16.49,1.04
2002-10-09,619.94,16.11,1.02
2002-10-10,584.04,15.16,0.96
2002-10-11,587.51,15.25,0.97
2002-10-14,614.27,15.94,1.01
2002-10-15,629.57,16.34,1.03
2002-10-16,636.25,16.53,1.05
2002-10-17,644.66,16.56,1.06
2002-10-18,670.79,17.24,1.1
2002-10-21,652.67,16.76,1.07
2002-10-22,639.27,16.4,1.05
2002-10-23,657.43,16.86,1.08
2002-10-24,654.98,16.8,1.08
2002-10-25,655.88,16.83,1.08
2002-10-28,678.14,17.4,1.11
2002-10-29,673.18,17.27,1.11
2002-10-30,658.03,16.88,1.08
2002-10-31,658.92,16.91,1.08
2002-11-01,647.65,16.63,1.06
2002-11-04,672.68,17.27,1.1
2002-11-05,664.9,17.07,1.09
2002-11-06,682.56,17.53,1.12
2002-11-07,681.27,17.5,1.12
2002-11-08,674.85,17.32,1.11
2002-11-11,657.78,16.87,1.08
2002-11-12,654.43,16.79,1.07
2002-11-13,653.85,16.78,1.07
2002-11-14,652.15,16.73,1.07
2002-11-15,672.95,17.27,1.1
2002-11-18,667.13,17.12,1.09
2002-11-19,671.44,17.22,1.1
2002-11-20,682.0,17.45,1.12
2002-11-21,690.38,17.66,1.13
2002-11-22,692.87,17.72,1.14
2002-11-25,705.86,18.11,1.15
2002-11-26,702.27,18.04,1.15
2002-11-27,708.07,18.2,1.16
2002-11-28,714.54,18.39,1.17
2002-11-29,724.8,18.65,1.19
2002-12-02,730.16,18.77,1.2
2002-12-03,736.57,18.94,1.21
2002-12-04,714.5,18.37,1.17
2002-12-05,722.76,18.58,1.18
2002-12-06,718.09,18.44,1.18
2002-12-09,709.11,18.18,1.16
2002-12-10,702.44,18.03,1.15
2002-12-11,698.61,17.93,1.15
2002-12-12,715.38,18.37,1.18
2002-12-13,708.13,18.08,1.18
2002-12-16,692.42,17.68,1.16
2002-12-17,704.49,18.0,1.18
2002-12-18,709.22,18.12,1.18
2002-12-20,709.44,17.57,1.18
2002-12-23,691.38,17.13,1.16
2002-12-24,677.82,16.8,1.13
2002-12-26,671.89,16.65,1.12
2002-12-27,656.92,16.29,1.1
2002-12-30,627.55,15.61,1.05
2003-01-02,635.17,15.8,1.06
2003-01-03,661.1,16.43,1.1
2003-01-06,666.71,16.84,1.11
2003-01-07,652.2,16.47,1.09
2003-01-08,651.72,16.46,1.09
2003-01-09,630.4,15.92,1.05
2003-01-10,628.36,15.84,1.05
2003-01-13,648.06,16.35,1.08
2003-01-14,650.05,16.44,1.08
2003-01-15,648.29,16.39,1.08
2003-01-16,648.69,16.39,1.08
2003-01-17,636.46,16.09,1.06
2003-01-20,634.5,16.04,1.06
2003-01-21,632.86,16.02,1.05
2003-01-22,622.49,15.77,1.04
2003-01-23,625.18,15.82,1.04
2003-01-24,609.43,15.43,1.02
2003-01-27,593.09,15.0,0.99
2003-01-28,600.56,15.18,1.0
2003-01-29,583.35,14.74,0.97
2003-01-30,591.86,14.94,0.98
2003-02-03,600.41,15.16,1.0
2003-02-04,603.78,15.24,1.0
2003-02-05,600.68,15.17,1.0
2003-02-06,589.5,14.89,0.98
2003-02-07,577.48,14.59,0.96
2003-02-10,577.25,14.59,0.96
2003-02-11,575.98,14.57,0.96
2003-02-12,583.29,14.76,0.97
2003-02-13,575.67,14.56,0.96
2003-02-14,575.24,14.65,0.96
2003-02-17,601.87,15.17,1.0
2003-02-18,603.45,15.21,1.01
2003-02-19,600.83,15.14,1.0
2003-02-20,605.51,15.26,1.01
2003-02-21,603.6,15.21,1.0
2003-02-24,616.29,15.56,1.03
2003-02-25,592.25,14.95,0.99
2003-02-26,590.26,14.88,0.98
2003-02-27,582.46,14.67,0.97
2003-02-28,575.43,14.49,0.96
2003-03-03,590.04,14.86,0.98
2003-03-04,576.58,14.61,0.96
2003-03-05,560.26,14.19,0.93
2003-03-06,555.33,14.07,0.92
2003-03-07,546.02,13.85,0.91
2003-03-10,544.24,13.81,0.9
2003-03-11,532.53,13.53,0.88
2003-03-12,531.81,13.4,0.87
2003-03-13,531.78,13.41,0.87
2003-03-14,537.65,13.53,0.88
2003-03-17,515.24,12.96,0.85
2003-03-18,537.31,13.51,0.88
2003-03-19,541.78,13.64,0.89
2003-03-20,568.46,14.32,0.93
2003-03-21,575.77,14.14,0.95
2003-03-24,569.85,14.01,0.94
2003-03-25,554.98,13.73,0.92
2003-03-26,554.79,13.72,0.92
2003-03-27,549.26,14.35,0.91
2003-03-28,556.33,14.54,0.92
2003-03-31,535.7,14.17,0.89
2003-04-01,538.56,13.74,0.9
2003-04-02,542.92,13.86,0.91
2003-04-03,545.24,13.92,0.91
2003-04-04,558.01,14.27,0.94
2003-04-07,585.9,14.98,0.98
2003-04-08,587.32,15.02,0.99
2003-04-09,569.47,14.56,0.96
2003-04-10,577.73,14.77,0.97
2003-04-11,582.97,14.92,0.98
2003-04-14,594.4,15.22,1.0
2003-04-15,604.99,15.47,1.02
2003-04-16,621.34,15.45,1.04
2003-04-17,612.72,15.23,1.03
2003-04-18,624.77,15.53,1.05
2003-04-21,620.83,15.54,1.04
2003-04-22,603.32,15.09,1.01
2003-04-23,598.09,14.96,1.01
2003-04-24,588.35,14.73,0.99
2003-04-25,566.63,14.19,0.96
2003-04-28,569.02,6.77,0.72
2003-04-29,597.36,7.15,0.75
2003-04-30,599.35,7.17,0.76
2003-05-02,597.44,7.15,0.75
2003-05-06,604.33,7.23,0.76
2003-05-07,618.08,7.4,0.78
2003-05-09,619.11,7.41,0.78
2003-05-12,631.04,7.55,0.79
2003-05-13,614.07,7.35,0.77
2003-05-14,609.97,7.3,0.77
2003-05-15,619.35,7.41,0.78
2003-05-16,610.81,7.3,0.77
2003-05-19,596.36,7.13,0.75
2003-05-20,602.08,7.2,0.76
2003-05-21,600.57,7.18,0.76
2003-05-22,595.38,7.12,0.75
2003-05-23,611.51,7.31,0.77
2003-05-26,617.65,7.39,0.78
2003-05-27,614.3,7.35,0.77
2003-05-28,628.36,7.51,0.79
2003-05-29,632.43,7.56,0.79
2003-05-30,633.42,7.58,0.79
2003-06-02,648.71,7.76,0.81
2003-06-03,636.94,7.62,0.79
2003-06-04,640.27,7.66,0.8
2003-06-05,642.38,7.68,0.8
2003-06-09,650.35,7.78,0.81
2003-06-10,649.75,7.78,0.81
2003-06-11,651.29,7.79,0.81
2003-06-12,657.95,7.87,0.82
2003-06-13,665.24,7.96,0.83
2003-06-16,657.82,7.87,0.82
2003-06-17,674.66,8.07,0.84
2003-06-18,675.75,8.08,0.84
2003-06-19,690.49,8.26,0.86
2003-06-20,686.22,8.21,0.86
2003-06-23,674.59,8.07,0.84
2003-06-24,664.01,7.92,0.83
2003-06-25,674.03,8.06,0.84
2003-06-26,675.75,8.1,0.85
2003-06-27,677.28,8.12,0.85
2003-06-30,669.93,8.03,0.84
2003-07-01,674.75,8.08,0.85
2003-07-02,685.8,8.23,0.86
2003-07-03,686.83,8.21,0.86
2003-07-04,693.25,8.29,0.87
2003-07-07,704.29,8.42,0.88
2003-07-08,708.34,8.46,0.89
2003-07-09,705.5,8.43,0.89
2003-07-10,700.51,8.37,0.88
2003-07-11,704.15,8.41,0.88
2003-07-14,720.1,8.61,0.9
2003-07-15,713.45,8.52,0.9
2003-07-16,716.48,8.56,0.9
2003-07-18,699.35,8.35,0.88
2003-07-21,693.5,8.28,0.87
2003-07-22,699.7,8.36,0.88
2003-07-23,695.74,8.31,0.87
2003-07-24,702.94,8.4,0.88
2003-07-25,705.09,8.42,0.88
2003-07-28,717.8,9.18,0.9
2003-07-29,722.33,9.26,0.91
2003-07-30,714.15,9.13,0.9
2003-07-31,713.52,9.12,0.9
2003-08-01,727.26,9.3,0.91
2003-08-04,718.54,9.19,0.9
2003-08-05,721.84,9.24,0.91
2003-08-06,707.88,9.06,0.89
2003-08-07,709.81,9.08,0.89
2003-08-08,704.14,9.01,0.89
2003-08-11,704.58,9.02,0.89
2003-08-12,701.3,8.98,0.88
2003-08-13,713.08,9.15,0.9
2003-08-14,727.01,9.33,0.92
2003-08-18,730.1,9.34,0.92
2003-08-19,740.13,9.47,0.93
2003-08-20,737.2,9.43,0.93
2003-08-21,754.34,9.65,0.95
2003-08-22,754.72,9.66,0.95
2003-08-25,756.73,9.68,0.95
2003-08-26,753.0,9.63,0.95
2003-08-27,758.98,9.71,0.96
2003-08-28,752.81,9.63,0.95
2003-08-29,759.47,9.71,0.96
2003-09-01,764.11,9.77,0.96
2003-09-02,766.5,9.81,0.97
2003-09-03,766.32,9.8,0.97
2003-09-04,764.15,9.79,0.97
2003-09-05,761.55,9.75,0.97
2003-09-08,760.25,9.74,0.97
2003-09-09,767.46,9.83,0.97
2003-09-15,753.61,9.65,0.96
2003-09-16,763.63,9.79,0.97
2003-09-17,766.59,9.83,0.98
2003-09-18,758.18,9.72,0.96
2003-09-19,748.25,9.59,0.95
2003-09-22,714.89,9.16,0.91
2003-09-23,718.84,9.22,0.91
2003-09-24,724.7,9.29,0.92
2003-09-25,713.52,9.15,0.91
2003-09-26,697.4,8.45,0.89
2003-09-29,696.06,8.43,0.88
2003-09-30,697.52,8.45,0.89
2003-10-01,704.29,8.54,0.89
2003-10-02,715.24,8.72,0.91
2003-10-06,723.13,8.83,0.92
2003-10-07,727.09,8.88,0.92
2003-10-08,722.76,8.83,0.92
2003-10-09,736.16,8.99,0.94
2003-10-10,757.89,9.26,0.96
2003-10-13,757.02,9.25,0.96
2003-10-14,766.52,9.36,0.97
2003-10-15,764.23,9.34,0.97
2003-10-16,776.97,9.5,0.99
2003-10-17,767.75,9.38,0.98
2003-10-20,776.44,9.49,0.99
2003-10-21,779.89,9.54,0.99
2003-10-22,779.28,9.53,0.99
2003-10-23,754.14,9.21,0.96
2003-10-24,748.17,9.13,0.95
2003-10-27,761.61,9.3,0.97
2003-10-28,775.36,10.02,0.98
2003-10-29,779.66,10.08,0.99
2003-10-30,785.94,10.16,1.0
2003-10-31,782.36,10.11,0.99
2003-11-03,791.96,10.24,1.01
2003-11-04,796.06,10.28,1.01
2003-11-05,805.51,10.4,1.02
2003-11-06,790.04,10.24,1.0
2003-11-07,804.05,10.23,1.02
2003-11-10,796.56,10.13,1.01
2003-11-11,787.77,10.02,1.0
2003-11-12,796.31,10.15,1.01
2003-11-13,813.11,10.39,1.03
2003-11-14,809.89,10.34,1.03
2003-11-17,794.47,10.14,1.01
2003-11-18,800.97,10.21,1.02
2003-11-19,771.7,9.83,0.98
2003-11-20,769.45,9.8,0.98
2003-11-21,770.78,9.8,0.98
2003-11-24,753.65,9.56,0.95
2003-11-25,768.11,9.76,0.97
2003-11-26,782.65,9.95,0.99
2003-11-27,781.68,9.95,0.99
2003-11-28,796.18,10.15,1.01
2003-12-01,807.39,10.28,1.02
2003-12-02,807.78,10.28,1.02
2003-12-03,808.34,10.28,1.02
2003-12-04,805.13,10.21,1.02
2003-12-05,789.41,10.01,1.0
2003-12-08,784.8,9.97,0.99
2003-12-09,787.35,9.99,0.99
2003-12-10,794.64,10.09,1.0
2003-12-11,791.13,10.05,1.0
2003-12-12,806.08,10.25,1.02
2003-12-15,822.16,10.46,1.04
2003-12-16,810.79,10.29,1.03
2003-12-17,800.09,10.13,1.01
2003-12-18,807.5,10.26,1.02
2003-12-19,811.2,10.31,1.03
2003-12-22,804.54,10.21,1.02
2003-12-23,801.88,10.14,1.02
2003-12-24,792.55,9.95,1.0
2003-12-26,788.85,9.87,0.99
2003-12-29,792.44,9.83,1.0
2003-12-30,810.71,10.06,1.02
2004-01-02,821.26,10.2,1.03
2004-01-05,824.1,10.24,1.04
2004-01-06,823.43,10.23,1.04
2004-01-07,827.07,10.28,1.05
2004-01-08,824.15,10.24,1.04
2004-01-09,845.27,10.51,1.07
2004-01-12,850.79,10.77,1.07
2004-01-13,848.43,10.74,1.07
2004-01-14,849.62,10.76,1.07
2004-01-15,845.66,10.7,1.07
2004-01-16,847.95,10.74,1.07
2004-01-19,856.8,10.86,1.08
2004-01-20,861.37,10.87,1.09
2004-01-26,869.04,10.96,1.1
2004-01-27,863.03,10.89,1.09
2004-01-28,859.59,10.85,1.08
2004-01-29,853.47,10.78,1.08
2004-01-30,848.5,10.72,1.07
2004-02-02,854.89,10.8,1.08
2004-02-03,839.87,10.61,1.06
2004-02-04,835.5,10.56,1.05
2004-02-05,840.92,10.62,1.06
2004-02-06,850.23,10.74,1.07
2004-02-09,864.77,10.93,1.09
2004-02-10,866.8,10.96,1.09
2004-02-11,876.34,11.09,1.11
2004-02-12,877.95,11.1,1.11
2004-02-13,882.18,11.19,1.09
2004-02-16,881.28,11.18,1.09
2004-02-17,884.8,11.23,1.1
2004-02-18,877.1,11.13,1.09
2004-02-19,881.65,10.9,1.08
2004-02-20,877.49,10.85,1.07
2004-02-23,877.52,10.84,1.07
2004-02-24,864.59,10.69,1.06
2004-02-25,866.87,10.72,1.06
2004-02-26,864.86,10.7,1.06
2004-02-27,883.42,10.94,1.08
2004-03-02,899.21,11.14,1.1
2004-03-03,895.81,11.09,1.1
2004-03-04,907.43,11.25,1.11
2004-03-05,905.38,11.22,1.11
2004-03-08,900.1,11.16,1.1
2004-03-09,891.58,11.04,1.09
2004-03-10,876.02,10.85,1.07
2004-03-11,869.93,10.78,1.06
2004-03-12,848.8,10.52,1.04
2004-03-15,852.26,10.56,1.04
2004-03-16,850.13,10.51,1.04
2004-03-17,872.38,10.79,1.07
2004-03-18,872.82,10.79,1.07
2004-03-19,883.33,10.93,1.09
2004-03-22,863.69,10.69,1.06
2004-03-23,866.17,10.73,1.06
2004-03-24,861.72,10.7,1.06
2004-03-25,853.38,10.6,1.05
2004-03-26,863.95,10.74,1.06
2004-03-29,874.67,11.42,1.1
2004-03-30,873.46,11.4,1.1
2004-03-31,880.5,11.19,1.11
2004-04-01,882.75,12.32,1.12
2004-04-02,883.69,12.33,1.12
2004-04-06,906.19,12.64,1.15
2004-04-07,909.93,12.7,1.15
2004-04-08,916.86,12.84,1.16
2004-04-09,905.44,12.66,1.14
2004-04-12,918.86,12.84,1.16
2004-04-13,917.63,12.8,1.15
2004-04-14,916.31,12.8,1.15
2004-04-16,898.88,12.54,1.13
2004-04-19,902.1,12.6,1.14
2004-04-20,918.9,12.82,1.16
2004-04-21,929.95,12.96,1.17
2004-04-22,924.01,18.09,1.18
2004-04-23,936.06,18.35,1.2
2004-04-26,919.74,18.07,1.18
2004-04-27,915.47,17.98,1.17
2004-04-28,901.83,17.67,1.15
2004-04-29,875.41,16.98,1.12
2004-04-30,862.84,16.76,1.1
2004-05-03,866.11,16.82,1.11
2004-05-04,867.48,16.84,1.11
2004-05-06,837.68,16.27,1.07
2004-05-07,838.74,16.32,1.08
2004-05-10,790.68,15.37,1.01
2004-05-11,791.02,15.34,1.01
2004-05-12,817.09,15.82,1.04
2004-05-13,790.13,15.3,1.01
2004-05-14,768.46,14.85,0.98
2004-05-17,728.98,13.96,0.92
2004-05-18,741.99,14.24,0.94
2004-05-19,777.95,14.95,0.99
2004-05-20,767.79,14.7,0.98
2004-05-21,786.36,15.07,1.0
2004-05-24,799.64,15.29,1.02
2004-05-25,784.06,15.02,1.0
2004-05-27,802.46,15.37,1.02
2004-05-28,816.51,15.61,1.04
2004-05-31,803.84,15.4,1.02
2004-06-01,815.77,15.71,1.04
2004-06-02,804.39,15.49,1.02
2004-06-03,770.06,14.85,0.98
2004-06-04,780.74,15.05,0.99
2004-06-07,809.45,15.62,1.03
2004-06-08,809.31,15.6,1.03
2004-06-09,794.53,15.32,1.01
2004-06-10,782.3,15.06,0.99
2004-06-11,751.53,14.44,0.95
2004-06-14,738.79,14.24,0.94
2004-06-15,752.1,14.5,0.96
2004-06-16,752.34,14.51,0.96
2004-06-17,760.09,14.68,0.97
2004-06-18,741.73,14.41,0.95
2004-06-21,749.3,14.56,0.96
2004-06-22,746.48,14.51,0.95
2004-06-23,738.93,14.37,0.94
2004-06-24,763.13,14.84,0.98
2004-06-25,779.03,15.16,1.0
2004-06-28,770.95,14.99,0.99
2004-06-29,778.72,14.52,1.0
2004-06-30,785.79,14.67,1.01
2004-07-01,778.03,14.53,1.0
2004-07-02,755.42,14.12,0.97
2004-07-05,756.72,14.14,0.97
2004-07-06,758.47,14.18,0.97
2004-07-07,761.88,14.21,0.97
2004-07-08,743.64,13.85,0.95
2004-07-09,747.46,13.95,0.96
2004-07-12,746.27,13.94,0.96
2004-07-13,750.95,13.92,0.96
2004-07-14,736.57,13.64,0.94
2004-07-15,732.74,13.58,0.93
2004-07-16,739.39,13.7,0.94
2004-07-19,750.4,13.91,0.96
2004-07-20,737.0,13.66,0.94
2004-07-21,753.32,13.97,0.96
2004-07-22,742.63,13.77,0.95
2004-07-23,737.51,13.46,0.96
2004-07-26,736.21,13.0,0.96
2004-07-27,738.51,13.05,0.96
2004-07-28,744.42,13.16,0.97
2004-07-29,730.61,12.91,0.95
2004-07-30,735.34,13.0,0.96
2004-08-02,719.59,12.72,0.94
2004-08-03,726.44,12.85,0.95
2004-08-04,729.41,12.89,0.95
2004-08-05,743.35,13.07,0.96
2004-08-06,733.95,12.9,0.95
2004-08-09,742.13,13.05,0.96
2004-08-10,748.62,13.14,0.97
2004-08-11,753.06,13.22,0.98
2004-08-12,766.7,13.45,0.99
2004-08-13,776.02,13.6,1.0
2004-08-16,773.85,13.54,1.0
2004-08-17,771.03,13.46,0.99
2004-08-18,773.19,13.54,1.0
2004-08-19,788.53,13.78,1.02
2004-08-20,787.64,13.73,1.01
2004-08-23,787.65,13.73,1.01
2004-08-24,792.34,13.81,1.02
2004-08-25,803.97,13.98,1.03
2004-08-26,810.21,14.04,1.04
2004-08-27,810.3,14.05,1.04
2004-08-30,805.19,13.99,1.03
2004-08-31,803.57,13.96,1.03
2004-09-01,817.36,14.21,1.05
2004-09-02,823.83,14.33,1.06
2004-09-03,820.69,14.22,1.05
2004-09-06,824.21,14.3,1.06
2004-09-07,818.8,14.23,1.05
2004-09-08,815.85,14.17,1.05
2004-09-09,821.88,14.28,1.05
2004-09-10,836.34,14.55,1.07
2004-09-13,851.91,14.83,1.1
2004-09-14,851.42,14.8,1.09
2004-09-15,850.63,14.79,1.09
2004-09-16,855.38,14.9,1.1
2004-09-17,848.11,14.78,1.09
2004-09-20,856.87,14.93,1.1
2004-09-21,857.15,14.93,1.1
2004-09-22,835.1,14.56,1.07
2004-09-23,829.68,14.48,1.07
2004-09-24,832.1,14.54,1.07
2004-09-30,835.09,14.6,1.08
2004-10-01,846.01,14.8,1.09
2004-10-04,880.84,15.41,1.14
2004-10-05,884.84,15.42,1.14
2004-10-06,887.45,15.47,1.14
2004-10-07,885.33,15.43,1.14
2004-10-08,881.38,15.38,1.14
2004-10-11,881.11,15.38,1.14
2004-10-12,858.09,14.91,1.1
2004-10-13,856.18,14.91,1.1
2004-10-14,846.63,14.75,1.09
2004-10-15,841.94,14.67,1.08
2004-10-18,848.27,14.78,1.09
2004-10-19,855.77,14.98,1.1
2004-10-20,828.61,14.55,1.07
2004-10-21,820.63,14.39,1.06
2004-10-22,828.17,14.52,1.07
2004-10-25,808.14,14.17,1.04
2004-10-26,813.7,14.21,1.05
2004-10-27,809.91,14.16,1.04
2004-10-28,833.54,14.57,1.07
2004-10-29,834.84,14.59,1.08
2004-11-01,835.66,14.6,1.08
2004-11-02,846.67,14.81,1.09
2004-11-03,861.05,15.06,1.11
2004-11-04,851.2,14.89,1.1
2004-11-05,860.68,15.08,1.11
2004-11-08,846.11,14.81,1.09
2004-11-09,844.15,14.78,1.09
2004-11-10,860.54,15.08,1.11
2004-11-11,861.26,15.1,1.11
2004-11-12,876.67,15.38,1.13
2004-11-15,882.33,15.51,1.14
2004-11-16,876.61,15.44,1.13
2004-11-17,885.42,15.62,1.14
2004-11-18,875.84,15.46,1.13
2004-11-19,867.03,15.29,1.12
2004-11-22,849.99,14.99,1.1
2004-11-23,860.4,15.17,1.11
2004-11-24,872.56,15.39,1.13
2004-11-25,872.49,15.39,1.13
2004-11-26,858.12,15.12,1.11
2004-11-29,865.4,15.25,1.12
2004-11-30,878.06,15.48,1.13
2004-12-01,876.8,15.46,1.13
2004-12-02,884.1,15.59,1.14
2004-12-03,882.55,15.56,1.14
2004-12-06,870.75,15.36,1.13
2004-12-07,861.07,15.18,1.11
2004-12-08,871.74,15.34,1.12
2004-12-09,861.31,15.16,1.11
2004-12-10,844.85,14.85,1.09
2004-12-13,844.2,14.82,1.09
2004-12-14,849.4,14.96,1.1
2004-12-15,868.84,15.29,1.12
2004-12-16,873.7,15.39,1.13
2004-12-17,875.13,15.42,1.13
2004-12-20,884.31,15.59,1.14
2004-12-21,882.82,15.59,1.14
2004-12-22,883.38,15.6,1.14
2004-12-23,876.88,15.45,1.13
2004-12-24,879.92,15.54,1.14
2004-12-27,876.98,15.52,1.14
2004-12-28,878.43,15.54,1.14
2004-12-29,884.27,15.64,1.14
2004-12-30,895.92,15.84,1.16
2005-01-03,893.71,15.87,1.16
2005-01-04,886.9,15.77,1.15
2005-01-05,885.19,15.8,1.15
2005-01-06,871.28,15.58,1.14
2005-01-07,870.84,15.56,1.14
2005-01-10,874.18,15.63,1.14
2005-01-11,884.29,15.84,1.16
2005-01-12,880.03,15.76,1.15
2005-01-13,885.54,15.88,1.16
2005-01-14,905.1,16.26,1.19
2005-01-17,923.08,16.59,1.21
2005-01-18,920.57,16.54,1.21
2005-01-19,916.27,16.46,1.2
2005-01-20,909.37,16.34,1.19
2005-01-21,919.61,16.54,1.21
2005-01-24,923.11,16.61,1.21
2005-01-25,915.1,16.46,1.2
2005-01-26,927.0,16.69,1.22
2005-01-27,924.87,16.65,1.21
2005-01-28,921.59,16.59,1.21
2005-01-31,932.7,16.82,1.23
2005-02-01,923.69,16.69,1.22
2005-02-02,921.44,16.66,1.21
2005-02-03,928.79,16.77,1.22
2005-02-04,933.55,16.86,1.23
2005-02-07,949.19,17.14,1.25
2005-02-11,947.23,17.1,1.25
2005-02-14,964.79,17.41,1.27
2005-02-15,968.88,17.48,1.28
2005-02-16,971.56,17.54,1.28
2005-02-17,972.56,17.55,1.28
2005-02-18,984.1,17.74,1.29
2005-02-21,988.71,17.84,1.3
2005-02-22,977.8,17.65,1.29
2005-02-23,968.43,17.49,1.28
2005-02-24,987.1,17.82,1.3
2005-02-25,996.95,18.0,1.31
2005-02-28,1011.36,18.26,1.33
2005-03-02,1007.48,18.19,1.33
2005-03-03,1010.92,18.25,1.33
2005-03-04,1012.96,18.27,1.33
2005-03-07,1007.5,18.18,1.33
2005-03-08,1000.28,18.04,1.31
2005-03-09,1008.79,18.19,1.33
2005-03-10,998.66,18.01,1.31
2005-03-11,1022.79,18.45,1.35
2005-03-14,1019.69,18.4,1.34
2005-03-15,993.13,17.91,1.31
2005-03-16,993.13,17.93,1.31
2005-03-17,980.05,17.7,1.29
2005-03-18,979.72,17.69,1.29
2005-03-21,979.27,17.69,1.29
2005-03-22,980.41,17.71,1.29
2005-03-23,966.81,17.48,1.27
2005-03-24,956.33,17.29,1.26
2005-03-25,965.3,17.47,1.27
2005-03-28,977.7,17.69,1.29
2005-03-29,958.96,17.34,1.26
2005-03-30,955.45,17.26,1.26
2005-03-31,965.68,17.49,1.27
2005-04-01,981.9,17.85,1.31
2005-04-04,982.5,17.88,1.31
2005-04-06,988.0,18.36,1.32
2005-04-07,988.9,18.38,1.32
2005-04-08,992.17,18.44,1.33
2005-04-11,985.94,18.32,1.32
2005-04-12,981.79,18.24,1.31
2005-04-13,981.31,18.24,1.31
2005-04-14,953.92,17.72,1.28
2005-04-15,947.22,17.6,1.27
2005-04-18,925.0,17.2,1.24
2005-04-19,932.45,17.33,1.25
2005-04-20,937.36,17.41,1.25
2005-04-21,939.14,17.44,1.26
2005-04-22,940.79,7.6,1.1
2005-04-25,946.17,7.65,1.11
2005-04-26,944.46,7.63,1.11
2005-04-27,930.16,7.52,1.09
2005-04-28,917.73,7.42,1.08
2005-04-29,911.3,7.37,1.07
2005-05-02,918.42,7.42,1.08
2005-05-03,913.82,7.38,1.07
2005-05-04,929.35,7.51,1.09
2005-05-06,940.85,7.6,1.1
2005-05-09,935.2,7.55,1.1
2005-05-10,934.28,7.54,1.1
2005-05-11,923.38,7.45,1.08
2005-05-12,921.21,7.44,1.08
2005-05-13,923.19,7.46,1.08
2005-05-16,929.04,7.5,1.09
2005-05-17,927.16,7.49,1.09
2005-05-18,930.36,7.51,1.09
2005-05-19,952.09,7.69,1.12
2005-05-20,952.19,7.69,1.12
2005-05-23,951.05,7.68,1.12
2005-05-24,951.61,7.7,1.12
2005-05-25,941.3,7.61,1.11
2005-05-26,943.91,7.63,1.11
2005-05-27,960.91,7.77,1.13
2005-05-30,969.04,7.83,1.14
2005-05-31,970.21,7.84,1.14
2005-06-01,969.51,7.83,1.14
2005-06-02,970.88,7.84,1.14
2005-06-03,976.09,7.89,1.15
2005-06-07,970.88,7.85,1.14
2005-06-08,976.22,7.89,1.15
2005-06-09,987.58,7.99,1.16
2005-06-10,990.79,8.01,1.16
2005-06-13,990.49,8.01,1.16
2005-06-14,983.75,7.95,1.15
2005-06-15,1001.94,8.11,1.18
2005-06-16,1003.14,8.11,1.18
2005-06-17,1003.68,8.12,1.18
2005-06-20,994.65,8.04,1.17
2005-06-21,989.99,8.01,1.16
2005-06-22,1002.15,8.11,1.18
2005-06-23,1010.8,8.18,1.19
2005-06-24,1002.43,8.12,1.18
2005-06-27,991.11,8.02,1.16
2005-06-28,994.74,8.05,1.17
2005-06-29,999.08,8.09,1.17
2005-06-30,1008.16,8.15,1.18
2005-07-01,1018.02,8.23,1.19
2005-07-04,1021.71,8.26,1.2
2005-07-05,1018.81,8.24,1.2
2005-07-06,1019.01,8.24,1.2
2005-07-07,1026.82,8.3,1.21
2005-07-08,1021.95,8.27,1.2
2005-07-11,1040.43,8.42,1.22
2005-07-12,1043.88,8.45,1.23
2005-07-13,1050.16,8.5,1.23
2005-07-14,1061.93,8.59,1.25
2005-07-15,1059.6,8.48,1.24
2005-07-18,1062.43,8.5,1.24
2005-07-19,1075.48,8.6,1.26
2005-07-20,1074.4,8.59,1.26
2005-07-21,1074.65,8.6,1.26
2005-07-22,1074.22,8.59,1.26
2005-07-25,1089.7,8.72,1.27
2005-07-26,1090.6,8.72,1.27
2005-07-27,1093.03,8.74,1.28
2005-07-28,1104.72,8.83,1.29
2005-07-29,1111.29,8.89,1.3
2005-08-01,1115.98,8.93,1.31
2005-08-02,1118.83,8.95,1.31
2005-08-03,1117.11,8.95,1.31
2005-08-04,1111.39,8.9,1.3
2005-08-05,1089.36,8.72,1.28
2005-08-08,1086.64,8.7,1.27
2005-08-09,1099.77,8.8,1.29
2005-08-10,1104.86,8.85,1.3
2005-08-11,1123.77,9.0,1.32
2005-08-12,1130.22,9.05,1.32
2005-08-16,1116.93,8.95,1.31
2005-08-17,1113.25,8.92,1.31
2005-08-18,1092.71,8.75,1.28
2005-08-19,1089.88,8.73,1.28
2005-08-22,1116.68,8.94,1.31
2005-08-23,1115.84,8.94,1.31
2005-08-24,1094.21,8.76,1.28
2005-08-25,1097.29,8.79,1.29
2005-08-26,1086.55,8.7,1.27
2005-08-29,1063.16,8.52,1.25
2005-08-30,1072.61,8.59,1.26
2005-08-31,1083.33,8.68,1.27
2005-09-01,1106.37,8.86,1.3
2005-09-02,1115.83,8.94,1.31
2005-09-05,1114.5,8.93,1.31
2005-09-06,1122.65,8.99,1.32
2005-09-07,1142.99,9.16,1.34
2005-09-08,1145.26,9.18,1.34
2005-09-09,1152.5,9.24,1.35
2005-09-12,1158.36,9.28,1.36
2005-09-13,1158.12,9.28,1.36
2005-09-14,1170.77,9.38,1.37
2005-09-15,1169.59,9.37,1.37
2005-09-16,1174.13,9.41,1.38
2005-09-20,1190.93,9.54,1.4
2005-09-21,1196.67,9.58,1.4
2005-09-22,1199.97,9.61,1.41
2005-09-23,1175.88,9.42,1.38
2005-09-26,1206.41,9.66,1.41
2005-09-27,1209.63,9.68,1.42
2005-09-28,1228.57,9.82,1.44
2005-09-29,1231.22,9.85,1.44
2005-09-30,1221.01,9.76,1.43
2005-10-04,1242.78,9.94,1.46
2005-10-05,1227.4,9.81,1.44
2005-10-06,1202.49,9.61,1.41
2005-10-07,1201.01,9.6,1.41
2005-10-10,1227.18,9.82,1.44
2005-10-11,1244.27,9.95,1.46
2005-10-12,1217.06,9.73,1.42
2005-10-13,1193.44,9.53,1.4
2005-10-14,1190.17,9.5,1.39
2005-10-17,1176.36,9.39,1.37
2005-10-18,1186.22,9.47,1.39
2005-10-19,1153.13,9.21,1.35
2005-10-20,1162.23,9.28,1.36
2005-10-21,1183.48,9.45,1.38
2005-10-24,1184.6,9.46,1.39
2005-10-25,1181.28,9.43,1.38
2005-10-26,1179.0,9.42,1.38
2005-10-27,1166.36,9.32,1.36
2005-10-28,1140.72,9.11,1.33
2005-10-31,1158.11,9.24,1.35
2005-11-01,1188.95,9.48,1.39
2005-11-02,1208.38,9.64,1.41
2005-11-03,1217.97,9.71,1.42
2005-11-04,1221.98,9.75,1.43
2005-11-07,1218.47,9.72,1.42
2005-11-08,1226.71,9.78,1.43
2005-11-09,1227.59,9.79,1.43
2005-11-10,1234.43,9.85,1.44
2005-11-11,1256.12,10.02,1.47
2005-11-14,1257.63,10.03,1.47
2005-11-15,1253.86,10.01,1.46
2005-11-16,1267.16,10.11,1.48
2005-11-17,1269.35,10.13,1.48
2005-11-18,1272.25,9.97,1.5
2005-11-21,1268.8,9.94,1.5
2005-11-22,1244.5,9.75,1.47
2005-11-23,1282.02,10.04,1.51
2005-11-24,1291.71,10.11,1.52
2005-11-25,1293.22,10.12,1.52
2005-11-28,1293.74,10.12,1.52
2005-11-29,1279.38,10.02,1.51
2005-11-30,1297.44,10.16,1.53
2005-12-01,1305.98,10.23,1.54
2005-12-02,1310.12,10.26,1.54
2005-12-05,1315.15,10.3,1.55
2005-12-06,1321.06,10.35,1.56
2005-12-07,1324.75,10.38,1.56
2005-12-08,1324.2,10.38,1.56
2005-12-09,1317.42,10.33,1.55
2005-12-12,1333.23,10.58,1.57
2005-12-13,1336.48,10.61,1.58
2005-12-14,1334.27,10.6,1.58
2005-12-15,1337.68,10.63,1.58
2005-12-16,1321.04,10.5,1.56
2005-12-19,1339.4,10.64,1.58
2005-12-20,1341.0,10.65,1.58
2005-12-21,1354.16,10.76,1.6
2005-12-22,1350.87,10.74,1.59
2005-12-23,1359.53,10.81,1.6
2005-12-26,1367.57,10.9,1.62
2005-12-27,1373.55,10.95,1.63
2005-12-28,1368.16,10.89,1.62
2005-12-29,1379.37,10.98,1.63
2006-01-02,1389.27,11.07,1.64
2006-01-03,1394.87,11.12,1.65
2006-01-04,1402.11,11.18,1.66
2006-01-05,1395.51,11.12,1.65
2006-01-06,1412.78,11.25,1.67
2006-01-09,1408.33,11.2,1.66
2006-01-10,1396.29,11.1,1.65
2006-01-11,1394.09,11.09,1.65
2006-01-12,1402.58,11.15,1.66
2006-01-13,1416.28,11.27,1.67
2006-01-16,1421.79,11.31,1.68
2006-01-17,1389.58,11.06,1.64
2006-01-18,1352.91,10.76,1.6
2006-01-19,1360.64,10.82,1.61
2006-01-20,1324.78,10.53,1.56
2006-01-23,1297.43,10.32,1.53
2006-01-24,1326.83,10.55,1.56
2006-01-25,1342.59,10.67,1.58
2006-01-26,1352.75,10.76,1.6
2006-01-27,1384.56,11.01,1.63
2006-01-31,1399.83,11.13,1.65
2006-02-01,1375.97,10.95,1.62
2006-02-02,1374.44,10.94,1.62
2006-02-03,1333.5,10.61,1.57
2006-02-06,1341.64,10.67,1.58
2006-02-07,1332.28,10.6,1.57
2006-02-08,1310.99,10.42,1.55
2006-02-09,1321.66,10.63,1.57
2006-02-10,1335.23,10.74,1.59
2006-02-13,1320.79,10.63,1.57
2006-02-14,1328.21,10.69,1.58
2006-02-15,1303.84,10.53,1.56
2006-02-16,1314.32,10.61,1.57
2006-02-17,1332.73,10.76,1.59
2006-02-20,1348.25,10.88,1.61
2006-02-21,1346.49,10.88,1.61
2006-02-22,1340.58,10.83,1.6
2006-02-23,1361.23,11.0,1.63
2006-02-24,1365.82,11.05,1.64
2006-02-27,1374.88,11.12,1.65
2006-02-28,1371.59,11.1,1.64
2006-03-02,1367.7,11.06,1.64
2006-03-03,1328.95,10.74,1.59
2006-03-06,1344.76,10.87,1.61
2006-03-07,1316.67,10.64,1.57
2006-03-08,1314.05,10.61,1.57
2006-03-09,1311.21,10.59,1.57
2006-03-10,1320.07,10.67,1.58
2006-03-13,1338.28,10.81,1.6
2006-03-14,1326.3,10.71,1.58
2006-03-15,1333.98,10.76,1.59
2006-03-16,1335.98,10.78,1.59
2006-03-17,1341.12,10.84,1.6
2006-03-20,1346.69,10.89,1.61
2006-03-21,1336.65,10.81,1.6
2006-03-22,1309.83,10.59,1.57
2006-03-23,1312.26,10.59,1.57
2006-03-24,1321.23,10.66,1.58
2006-03-27,1330.34,10.73,1.59
2006-03-28,1331.31,10.75,1.59
2006-03-29,1332.72,10.76,1.59
2006-03-30,1338.14,10.82,1.6
2006-03-31,1359.6,11.0,1.63
2006-04-03,1379.75,11.17,1.65
2006-04-04,1385.64,11.22,1.66
2006-04-05,1388.77,11.26,1.66
2006-04-06,1397.0,11.33,1.67
2006-04-07,1402.36,11.37,1.68
2006-04-10,1398.29,11.34,1.68
2006-04-11,1386.08,11.24,1.66
2006-04-12,1383.59,11.23,1.66
2006-04-13,1405.72,11.41,1.68
2006-04-14,1432.72,11.62,1.72
2006-04-17,1422.63,11.54,1.7
2006-04-18,1427.0,11.58,1.71
2006-04-19,1437.84,11.67,1.72
2006-04-20,1434.15,11.64,1.72
2006-04-21,1451.31,11.78,1.74
2006-04-24,1430.94,11.62,1.72
2006-04-25,1431.15,11.8,1.47
2006-04-26,1451.22,11.96,1.49
2006-04-27,1452.53,11.97,1.5
2006-04-28,1419.73,11.7,1.46
2006-05-02,1434.9,11.83,1.48
2006-05-03,1435.17,11.83,1.48
2006-05-04,1441.02,11.88,1.48
2006-05-08,1452.23,11.97,1.49
2006-05-09,1450.44,11.96,1.49
2006-05-10,1451.09,11.96,1.49
2006-05-11,1464.7,12.07,1.51
2006-05-12,1445.2,11.91,1.49
2006-05-15,1413.98,11.65,1.46
2006-05-16,1382.11,11.39,1.42
2006-05-17,1401.47,11.55,1.44
2006-05-18,1365.15,11.24,1.4
2006-05-19,1372.29,11.3,1.41
2006-05-22,1338.59,11.02,1.38
2006-05-23,1329.86,10.95,1.37
2006-05-24,1333.38,10.98,1.37
2006-05-25,1295.76,10.67,1.33
2006-05-26,1322.43,10.89,1.36
2006-05-29,1329.22,10.94,1.37
2006-05-30,1317.7,10.85,1.36
2006-06-01,1295.09,10.66,1.33
2006-06-02,1309.04,10.78,1.35
2006-06-05,1301.62,10.71,1.34
2006-06-07,1266.84,10.43,1.3
2006-06-08,1223.13,10.07,1.26
2006-06-09,1235.65,10.17,1.27
2006-06-12,1239.84,10.21,1.28
2006-06-13,1203.86,9.91,1.24
2006-06-14,1221.73,10.06,1.26
2006-06-15,1219.4,10.05,1.25
2006-06-16,1262.19,10.41,1.3
2006-06-19,1251.67,10.32,1.29
2006-06-20,1225.83,10.11,1.26
2006-06-21,1227.19,10.12,1.26
2006-06-22,1238.83,10.22,1.27
2006-06-23,1228.62,10.13,1.26
2006-06-26,1238.05,10.21,1.27
2006-06-27,1247.54,10.29,1.28
2006-06-28,1238.71,10.22,1.27
2006-06-29,1263.02,10.41,1.3
2006-06-30,1295.15,10.68,1.33
2006-07-03,1294.61,10.67,1.33
2006-07-04,1285.92,10.6,1.32
2006-07-05,1279.85,10.55,1.32
2006-07-06,1263.96,10.42,1.3
2006-07-07,1273.93,10.51,1.31
2006-07-10,1299.29,10.72,1.34
2006-07-11,1300.44,10.73,1.34
2006-07-12,1296.69,10.7,1.33
2006-07-13,1285.02,10.61,1.32
2006-07-14,1255.13,10.36,1.29
2006-07-18,1233.42,10.18,1.27
2006-07-19,1233.65,10.18,1.27
2006-07-20,1273.3,10.51,1.31
2006-07-21,1271.33,10.5,1.31
2006-07-24,1263.35,10.44,1.3
2006-07-25,1279.77,10.57,1.32
2006-07-26,1279.08,10.57,1.32
2006-07-27,1296.27,10.71,1.33
2006-07-28,1297.07,10.72,1.33
2006-07-31,1297.82,10.39,1.33
2006-08-01,1287.36,10.3,1.32
2006-08-02,1295.11,10.36,1.32
2006-08-03,1292.05,10.33,1.32
2006-08-04,1304.51,10.43,1.33
2006-08-07,1289.54,10.31,1.32
2006-08-08,1311.1,10.49,1.34
2006-08-09,1314.93,10.52,1.34
2006-08-10,1304.31,10.43,1.33
2006-08-11,1292.1,10.33,1.32
2006-08-14,1295.11,10.36,1.32
2006-08-16,1315.61,10.52,1.34
2006-08-17,1327.78,10.62,1.36
2006-08-18,1331.1,10.65,1.36
2006-08-21,1321.67,10.58,1.35
2006-08-22,1334.96,10.68,1.36
2006-08-23,1324.95,10.6,1.35
2006-08-24,1315.73,10.53,1.34
2006-08-25,1329.35,10.64,1.36
2006-08-28,1327.89,10.62,1.36
2006-08-29,1344.61,10.76,1.37
2006-08-30,1341.35,10.73,1.37
2006-08-31,1352.74,10.82,1.38
2006-09-01,1356.67,10.85,1.39
2006-09-04,1359.06,10.87,1.39
2006-09-05,1361.24,10.89,1.39
2006-09-06,1357.01,10.86,1.39
2006-09-07,1351.17,10.71,1.38
2006-09-08,1354.89,10.74,1.39
2006-09-11,1334.08,10.57,1.36
2006-09-12,1328.04,10.53,1.36
2006-09-13,1333.13,10.57,1.36
2006-09-14,1358.75,10.78,1.39
2006-09-15,1361.1,10.79,1.39
2006-09-18,1374.3,10.9,1.41
2006-09-19,1373.95,10.89,1.41
2006-09-20,1366.44,10.83,1.4
2006-09-21,1366.79,10.84,1.4
2006-09-22,1348.38,10.69,1.38
2006-09-25,1355.21,10.75,1.39
2006-09-26,1343.97,10.66,1.38
2006-09-27,1360.03,10.78,1.39
2006-09-28,1371.43,10.87,1.4
2006-09-29,1371.41,10.87,1.4
2006-10-02,1374.22,10.9,1.41
2006-10-04,1352.0,10.72,1.38
2006-10-09,1319.4,10.46,1.35
2006-10-10,1328.37,10.53,1.36
2006-10-11,1325.49,10.5,1.36
2006-10-12,1331.78,10.55,1.36
2006-10-13,1348.6,10.69,1.38
2006-10-16,1356.72,10.75,1.39
2006-10-17,1351.3,10.7,1.38
2006-10-18,1354.26,10.73,1.39
2006-10-19,1354.06,10.72,1.38
2006-10-20,1364.24,10.81,1.4
2006-10-23,1364.95,10.81,1.4
2006-10-24,1366.5,10.82,1.4
2006-10-25,1371.43,10.87,1.4
2006-10-26,1373.65,10.88,1.41
2006-10-27,1369.09,10.85,1.4
2006-10-30,1356.11,10.74,1.39
2006-10-31,1364.55,10.82,1.4
2006-11-01,1374.35,10.9,1.41
2006-11-02,1383.73,10.97,1.42
2006-11-03,1383.88,10.97,1.42
2006-11-06,1379.19,10.93,1.41
2006-11-07,1387.44,10.99,1.42
2006-11-08,1380.07,10.93,1.41
2006-11-09,1399.44,11.08,1.43
2006-11-10,1395.73,11.06,1.43
2006-11-13,1396.69,11.06,1.43
2006-11-14,1407.37,11.15,1.44
2006-11-15,1412.54,11.2,1.45
2006-11-16,1410.75,11.19,1.44
2006-11-17,1412.22,11.2,1.45
2006-11-20,1402.21,11.12,1.44
2006-11-21,1405.9,11.14,1.44
2006-11-22,1422.54,11.27,1.45
2006-11-23,1419.23,11.24,1.45
2006-11-24,1421.73,11.26,1.45
2006-11-27,1425.13,11.29,1.46
2006-11-28,1411.47,11.18,1.44
2006-11-29,1422.55,11.27,1.45
2006-11-30,1432.21,11.35,1.46
2006-12-01,1434.36,11.36,1.47
2006-12-04,1426.46,11.29,1.46
2006-12-05,1420.59,11.25,1.45
2006-12-06,1413.73,11.2,1.45
2006-12-07,1410.3,11.17,1.44
2006-12-08,1390.43,11.02,1.42
2006-12-11,1390.73,11.01,1.42
2006-12-12,1376.98,10.9,1.41
2006-12-13,1383.28,10.96,1.41
2006-12-14,1418.38,11.24,1.45
2006-12-15,1421.87,11.27,1.45
2006-12-18,1433.23,11.36,1.47
2006-12-19,1427.76,11.32,1.46
2006-12-20,1442.28,11.44,1.47
2006-12-21,1436.47,11.39,1.47
2006-12-22,1437.49,11.4,1.47
2006-12-26,1433.92,11.37,1.46
2006-12-27,1425.1,11.32,1.45
2006-12-28,1434.46,11.4,1.46
2007-01-02,1435.26,11.4,1.47
2007-01-03,1409.35,11.2,1.44
2007-01-04,1397.29,11.11,1.43
2007-01-05,1385.76,11.02,1.42
2007-01-08,1370.81,10.9,1.4
2007-01-09,1374.34,10.92,1.4
2007-01-10,1355.79,10.78,1.38
2007-01-11,1365.31,10.86,1.39
2007-01-12,1388.37,11.05,1.42
2007-01-15,1390.96,11.07,1.42
2007-01-16,1389.71,11.06,1.42
2007-01-17,1379.48,10.97,1.41
2007-01-18,1383.21,11.0,1.41
2007-01-19,1360.56,10.82,1.39
2007-01-22,1363.41,10.84,1.39
2007-01-23,1363.09,10.84,1.39
2007-01-24,1383.06,11.0,1.41
2007-01-25,1382.36,11.0,1.41
2007-01-26,1371.33,10.92,1.4
2007-01-29,1363.1,10.85,1.39
2007-01-30,1370.72,10.91,1.4
2007-01-31,1360.23,10.82,1.39
2007-02-01,1382.9,11.0,1.41
2007-02-02,1413.14,11.25,1.44
2007-02-05,1417.95,11.28,1.45
2007-02-06,1428.58,11.38,1.46
2007-02-07,1426.29,11.36,1.46
2007-02-08,1423.58,11.33,1.45
2007-02-09,1427.68,11.37,1.46
2007-02-12,1414.29,11.26,1.44
2007-02-13,1418.44,11.29,1.45
2007-02-14,1436.1,11.42,1.47
2007-02-15,1443.63,11.47,1.47
2007-02-16,1448.81,11.52,1.48
2007-02-20,1452.96,11.55,1.48
2007-02-21,1451.38,11.54,1.48
2007-02-22,1465.41,11.66,1.5
2007-02-23,1469.88,11.69,1.5
2007-02-26,1470.03,11.72,1.5
2007-02-27,1454.6,11.6,1.48
2007-02-28,1417.34,11.3,1.45
2007-03-02,1414.47,11.28,1.44
2007-03-05,1376.15,10.98,1.4
2007-03-06,1402.93,11.19,1.43
2007-03-07,1410.95,11.26,1.44
2007-03-08,1423.89,11.36,1.45
2007-03-09,1423.58,11.36,1.45
2007-03-12,1441.33,11.5,1.47
2007-03-13,1436.05,11.46,
2007-03-14,1407.37,11.24,1.44
2007-03-15,1426.93,11.39,1.46
2007-03-16,1427.88,11.4,1.46
2007-03-19,1443.39,11.53,1.47
2007-03-20,1444.17,11.53,1.47
2007-03-21,1442.85,11.53,1.47
2007-03-22,1448.53,11.57,1.48
2007-03-23,1447.38,11.57,1.48
2007-03-26,1449.77,11.59,1.48
2007-03-27,1453.23,11.62,1.49
2007-03-28,1439.74,11.51,1.47
2007-03-29,1450.95,11.61,1.48
2007-03-30,1452.55,11.62,1.48
2007-04-02,1459.53,11.68,1.49
2007-04-03,1463.75,11.71,1.5
2007-04-04,1483.41,11.87,1.52
2007-04-05,1482.04,11.86,1.52
2007-04-06,1484.15,11.88,1.52
2007-04-09,1501.06,12.02,1.54
2007-04-10,1499.16,12.0,1.53
2007-04-11,1513.42,12.11,1.55
2007-04-12,1525.61,12.21,1.56
2007-04-13,1520.78,12.18,1.56
2007-04-16,1532.04,12.27,1.57
2007-04-17,1528.66,12.24,1.56
2007-04-18,1534.58,12.29,1.57
2007-04-19,1513.66,12.12,1.55
2007-04-20,1533.08,12.27,1.57
2007-04-23,1544.35,12.36,1.58
2007-04-24,1556.71,12.47,1.59
2007-04-25,1545.55,12.33,1.58
2007-04-26,1553.13,12.38,1.59
2007-04-27,1542.52,12.29,1.58
2007-04-30,1542.24,13.21,1.42
2007-05-02,1553.3,13.3,1.43
2007-05-03,1559.86,13.36,1.44
2007-05-04,1567.74,13.43,1.45
2007-05-07,1584.46,13.57,1.46
2007-05-08,1582.65,13.56,1.46
2007-05-09,1593.42,13.65,1.47
2007-05-10,1599.68,13.7,1.48
2007-05-11,1603.56,13.74,1.48
2007-05-14,1605.77,13.75,1.48
2007-05-15,1589.37,13.61,1.47
2007-05-16,1600.6,13.71,1.48
2007-05-17,1615.58,13.84,1.49
2007-05-18,1612.25,13.81,1.49
2007-05-21,1628.2,13.86,1.5
2007-05-22,1642.88,13.98,1.51
2007-05-23,1646.59,14.02,1.52
2007-05-25,1644.56,14.0,1.52
2007-05-28,1657.91,14.11,1.53
2007-05-29,1661.8,14.14,1.53
2007-05-30,1662.72,14.15,1.53
2007-05-31,1700.91,14.47,1.57
2007-06-01,1716.24,14.61,1.58
2007-06-04,1737.59,14.79,1.6
2007-06-05,1742.19,14.83,1.61
2007-06-07,1753.04,14.92,1.62
2007-06-08,1727.28,14.71,1.59
2007-06-11,1716.56,14.61,1.58
2007-06-12,1729.88,14.74,1.59
2007-06-13,1721.99,14.67,1.59
2007-06-14,1769.18,15.08,1.63
2007-06-15,1772.26,15.1,1.63
2007-06-18,1806.88,15.4,1.67
2007-06-19,1807.85,15.41,1.67
2007-06-20,1783.79,15.2,1.64
2007-06-21,1794.24,15.29,1.65
2007-06-22,1770.98,15.09,1.63
2007-06-25,1757.73,14.98,1.62
2007-06-26,1749.55,14.91,1.61
2007-06-27,1733.1,14.77,1.6
2007-06-28,1751.75,14.97,1.62
2007-06-29,1743.6,14.9,1.61
2007-07-02,1771.35,15.15,1.64
2007-07-03,1805.5,15.44,1.67
2007-07-04,1838.41,15.72,1.7
2007-07-05,1847.79,15.8,1.71
2007-07-06,1861.01,15.92,1.72
2007-07-09,1883.59,16.11,1.74
2007-07-10,1894.53,16.2,1.75
2007-07-11,1889.96,16.16,1.75
2007-07-12,1909.75,16.33,1.77
2007-07-13,1962.93,17.01,1.81
2007-07-16,1949.51,16.9,1.8
2007-07-18,1930.7,16.74,1.78
2007-07-19,1937.9,16.81,1.79
2007-07-20,1983.54,17.2,1.83
2007-07-23,1993.05,17.28,1.84
2007-07-24,1992.26,17.28,1.84
2007-07-25,2004.22,17.48,1.85
2007-07-26,1963.54,17.15,1.82
2007-07-27,1883.22,16.44,1.74
2007-07-30,1906.71,16.64,1.76
2007-07-31,1933.27,16.88,1.79
2007-08-01,1856.45,16.22,1.72
2007-08-02,1853.07,16.19,1.72
2007-08-03,1876.8,16.41,1.74
2007-08-06,1855.05,16.22,1.72
2007-08-07,1859.82,16.27,1.72
2007-08-08,1903.41,16.65,1.76
2007-08-09,1908.68,16.7,1.77
2007-08-10,1828.49,16.0,1.69
2007-08-13,1849.26,16.18,1.71
2007-08-14,1817.89,15.92,1.69
2007-08-16,1691.98,14.82,1.57
2007-08-17,1638.07,14.33,1.52
2007-08-20,1731.27,15.14,1.6
2007-08-21,1736.18,15.18,1.61
2007-08-22,1759.5,15.39,1.63
2007-08-23,1799.72,15.74,1.67
2007-08-24,1791.33,15.66,1.66
2007-08-27,1803.03,15.76,1.67
2007-08-28,1829.31,15.99,1.69
2007-08-29,1826.19,15.97,1.69
2007-08-30,1841.7,16.11,1.71
2007-08-31,1873.24,16.35,1.73
2007-09-03,1881.81,16.39,1.74
2007-09-04,1874.74,16.34,1.73
2007-09-05,1865.59,16.25,1.72
2007-09-06,1888.81,16.44,1.74
2007-09-07,1884.9,16.41,1.74
2007-09-10,1835.87,15.97,1.69
2007-09-11,1847.36,16.08,1.7
2007-09-12,1813.52,15.78,1.67
2007-09-13,1848.02,16.07,1.7
2007-09-14,1870.02,16.27,1.72
2007-09-17,1871.68,16.29,1.72
2007-09-18,1838.61,16.01,1.69
2007-09-19,1902.65,16.57,1.75
2007-09-20,1908.97,16.63,1.76
2007-09-21,1919.26,16.72,1.77
2007-09-27,1945.28,16.97,1.8
2007-09-28,1946.48,16.99,1.8
2007-10-01,1962.67,17.14,1.81
2007-10-02,2014.09,17.59,1.86
2007-10-04,2003.6,17.49,1.85
2007-10-05,1996.03,17.44,1.85
2007-10-08,2012.82,17.59,1.86
2007-10-09,2014.13,17.6,1.86
2007-10-10,2041.12,18.11,1.89
2007-10-11,2058.85,18.27,1.9
2007-10-12,2026.44,17.98,1.87
2007-10-15,2035.39,18.06,1.88
2007-10-16,2005.76,17.79,1.85
2007-10-17,1983.94,17.58,1.83
2007-10-18,2005.09,17.73,1.85
2007-10-19,1970.1,17.43,1.82
2007-10-22,1903.81,16.84,1.76
2007-10-23,1947.98,17.24,1.8
2007-10-24,1933.36,17.12,1.79
2007-10-25,1976.75,17.49,1.82
2007-10-26,2028.06,17.92,1.87
2007-10-29,2062.92,18.22,1.9
2007-10-30,2052.37,18.11,1.89
2007-10-31,2064.85,18.22,1.9
2007-11-01,2063.14,18.21,1.9
2007-11-02,2019.34,17.81,1.86
2007-11-05,2015.76,17.79,1.86
2007-11-06,2054.24,18.13,1.89
2007-11-07,2043.19,18.02,1.88
2007-11-08,1979.56,17.49,1.82
2007-11-09,1990.47,17.59,1.83
2007-11-12,1923.42,17.01,1.77
2007-11-13,1932.89,17.1,1.78
2007-11-14,1972.58,17.46,1.82
2007-11-15,1947.74,17.29,1.8
2007-11-16,1926.2,17.11,1.78
2007-11-19,1893.47,16.8,1.75
2007-11-20,1872.24,16.6,1.73
2007-11-21,1806.99,15.98,1.67
2007-11-22,1799.02,15.92,1.66
2007-11-23,1772.88,15.71,1.63
2007-11-26,1855.33,16.44,1.71
2007-11-27,1859.79,16.47,1.71
2007-11-28,1834.69,16.26,1.69
2007-11-29,1877.56,16.65,1.73
2007-11-30,1906.0,16.89,1.76
2007-12-03,1902.43,16.87,1.76
2007-12-04,1917.83,17.01,1.77
2007-12-05,1938.2,17.19,1.79
2007-12-06,1953.17,17.34,1.8
2007-12-07,1934.32,17.18,1.79
2007-12-10,1906.42,16.93,1.76
2007-12-11,1925.07,17.09,1.78
2007-12-12,1927.45,17.11,1.78
2007-12-13,1915.9,17.0,1.77
2007-12-14,1895.05,16.89,1.75
2007-12-17,1839.82,16.34,1.7
2007-12-18,1861.47,16.54,1.72
2007-12-20,1844.37,16.38,1.7
2007-12-21,1878.32,16.68,1.74
2007-12-24,1919.47,17.04,1.77
2007-12-26,1906.72,16.94,1.76
2007-12-27,1908.62,16.94,1.76
2007-12-28,1897.13,16.84,1.75
2008-01-02,1853.45,16.42,1.71
2008-01-03,1852.73,16.44,1.71
2008-01-04,1863.9,16.55,1.72
2008-01-07,1831.14,16.26,1.69
2008-01-08,1826.23,16.2,1.69
2008-01-09,1844.47,16.36,1.7
2008-01-10,1824.78,16.19,1.69
2008-01-11,1782.27,15.82,1.65
2008-01-14,1765.88,15.67,1.63
2008-01-15,1746.95,15.51,1.61
2008-01-16,1704.97,15.15,1.58
2008-01-17,1723.55,15.33,1.6
2008-01-18,1734.72,15.43,1.61
2008-01-21,1683.56,14.99,1.56
2008-01-22,1609.02,14.35,1.49
2008-01-23,1628.42,14.51,1.51
2008-01-24,1663.0,14.81,1.54
2008-01-25,1692.41,15.07,1.57
2008-01-28,1627.19,14.5,1.51
2008-01-29,1637.91,14.6,1.52
2008-01-30,1589.06,14.18,1.48
2008-01-31,1624.68,14.48,1.51
2008-02-01,1634.53,14.57,1.52
2008-02-04,1690.13,15.05,1.57
2008-02-05,1696.57,15.12,1.57
2008-02-11,1640.67,14.63,1.52
2008-02-12,1643.29,14.66,1.53
2008-02-13,1631.78,14.55,1.51
2008-02-14,1697.45,15.13,1.57
2008-02-15,1694.77,15.1,1.57
2008-02-18,1696.24,15.12,1.57
2008-02-19,1720.52,15.32,1.59
2008-02-20,1687.91,15.03,1.56
2008-02-21,1704.36,15.18,1.58
2008-02-22,1686.45,15.02,1.56
2008-02-25,1709.13,15.23,1.58
2008-02-26,1709.13,15.22,1.58
2008-02-27,1720.89,15.32,1.59
2008-02-28,1736.17,15.44,1.61
2008-02-29,1711.62,15.23,1.58
2008-03-03,1671.73,14.87,1.55
2008-03-04,1676.18,14.92,1.55
2008-03-05,1677.1,14.93,1.55
2008-03-06,1697.44,15.12,1.57
2008-03-07,1663.97,15.07,1.54
2008-03-10,1625.17,14.48,1.51
2008-03-11,1641.48,14.62,1.52
2008-03-12,1658.83,14.78,1.54
2008-03-13,1615.62,14.42,1.5
2008-03-14,1600.26,14.28,1.49
2008-03-17,1574.44,14.05,1.46
2008-03-18,1588.75,14.17,1.48
2008-03-19,1622.23,14.54,1.51
2008-03-20,1623.39,14.55,1.51
2008-03-21,1645.69,14.76,1.53
2008-03-24,1655.3,14.84,1.54
2008-03-25,1674.93,15.03,1.56
2008-03-26,1679.67,15.07,1.56
2008-03-27,1676.24,15.04,1.56
2008-03-28,1701.83,15.28,1.58
2008-03-31,1703.99,15.39,1.59
2008-04-01,1702.25,15.39,1.59
2008-04-02,1742.19,15.76,1.62
2008-04-03,1763.63,15.95,1.64
2008-04-04,1766.49,15.97,1.65
2008-04-07,1773.56,16.03,1.65
2008-04-08,1754.71,15.86,1.63
2008-04-10,1764.64,15.95,1.64
2008-04-11,1779.71,16.09,1.66
2008-04-14,1746.71,15.78,1.63
2008-04-15,1742.17,15.74,1.62
2008-04-16,1758.56,15.88,1.64
2008-04-17,1768.67,15.96,1.65
2008-04-18,1771.9,15.99,1.65
2008-04-21,1800.48,16.25,1.68
2008-04-22,1787.49,16.09,1.66
2008-04-23,1800.79,16.21,1.67
2008-04-24,1799.34,16.2,1.67
2008-04-25,1824.68,16.43,1.7
2008-04-28,1823.17,16.42,1.7
2008-04-29,1811.51,16.33,1.68
2008-04-30,1825.47,14.47,1.52
2008-05-02,1848.27,14.65,1.54
2008-05-06,1859.06,14.74,1.55
2008-05-07,1854.01,14.71,1.55
2008-05-08,1848.0,14.69,1.54
2008-05-09,1823.7,14.5,1.52
2008-05-13,1842.8,14.66,1.54
2008-05-14,1843.75,14.67,1.54
2008-05-15,1885.71,15.01,1.57
2008-05-16,1888.88,15.03,1.58
2008-05-19,1885.37,14.99,1.57
2008-05-20,1873.15,14.92,1.56
2008-05-21,1847.51,14.67,1.54
2008-05-22,1835.42,14.58,1.53
2008-05-23,1827.94,14.52,1.52
2008-05-26,1800.58,14.29,1.5
2008-05-27,1825.23,14.48,1.52
2008-05-28,1805.64,14.32,1.5
2008-05-29,1841.22,14.6,1.53
2008-05-30,1852.02,14.69,1.54
2008-06-02,1847.53,14.66,1.54
2008-06-03,1819.39,14.44,1.51
2008-06-04,1833.81,14.56,1.53
2008-06-05,1832.31,14.55,1.53
2008-06-09,1808.96,14.38,1.51
2008-06-10,1774.38,14.63,1.48
2008-06-11,1781.67,14.19,1.49
2008-06-12,1739.36,13.84,1.45
2008-06-13,1747.35,13.91,1.46
2008-06-16,1760.82,14.02,1.47
2008-06-17,1750.71,13.94,1.46
2008-06-18,1774.13,14.13,1.48
2008-06-19,1740.72,13.85,1.45
2008-06-20,1731.0,13.78,1.44
2008-06-23,1715.59,13.65,1.43
2008-06-24,1710.84,13.62,1.43
2008-06-25,1717.79,13.68,1.43
2008-06-26,1717.66,13.68,1.43
2008-06-27,1684.45,13.39,1.4
2008-06-30,1674.92,13.31,1.4
2008-07-01,1666.46,13.21,1.39
2008-07-02,1623.6,12.87,1.35
2008-07-03,1606.54,12.74,1.34
2008-07-04,1577.94,12.51,1.32
2008-07-07,1579.72,12.52,1.32
2008-07-08,1533.47,12.16,1.28
2008-07-09,1519.38,12.05,1.27
2008-07-10,1537.43,12.19,1.28
2008-07-11,1567.51,12.43,1.31
2008-07-14,1558.62,12.36,1.3
2008-07-15,1509.33,11.97,1.26
2008-07-16,1507.4,11.95,1.26
2008-07-17,1525.56,12.09,1.27
2008-07-18,1509.99,11.97,1.26
2008-07-21,1562.92,12.4,1.3
2008-07-22,1561.23,12.38,1.3
2008-07-23,1591.76,12.63,1.33
2008-07-24,1626.14,12.91,1.36
2008-07-25,1597.93,12.68,1.33
2008-07-28,1598.29,12.68,1.33
2008-07-29,1567.2,12.43,1.31
2008-07-30,1577.7,12.5,1.31
2008-07-31,1594.67,12.67,1.33
2008-08-01,1573.77,12.21,1.3
2008-08-04,1543.05,11.98,1.28
2008-08-05,1535.54,11.93,1.27
2008-08-06,1578.71,12.26,1.31
2008-08-07,1564.0,12.15,1.29
2008-08-08,1568.72,12.18,1.3
2008-08-11,1581.09,12.28,1.31
2008-08-12,1577.12,12.25,1.31
2008-08-13,1562.72,12.14,1.29
2008-08-14,1572.19,12.21,1.3
2008-08-18,1567.71,12.18,1.3
2008-08-19,1541.41,11.97,1.28
2008-08-20,1540.71,11.96,1.28
2008-08-21,1512.59,11.75,1.25
2008-08-22,1496.91,11.62,1.24
2008-08-25,1502.11,11.67,1.24
2008-08-26,1490.25,11.58,1.23
2008-08-27,1493.92,11.61,1.24
2008-08-28,1474.15,11.45,1.22
2008-08-29,1474.24,11.46,1.22
2008-09-01,1414.43,11.0,1.17
2008-09-02,1407.14,10.95,1.17
2008-09-03,1426.89,11.1,1.18
2008-09-04,1426.43,11.09,1.18
2008-09-05,1404.38,10.92,1.16
2008-09-08,1476.65,11.48,1.22
2008-09-09,1454.5,11.31,1.2
2008-09-10,1464.98,11.39,1.21
2008-09-11,1443.24,11.22,1.2
2008-09-12,1477.92,11.48,1.22
2008-09-16,1387.75,10.78,1.15
2008-09-17,1425.26,11.07,1.18
2008-09-18,1392.42,10.82,1.15
2008-09-19,1455.78,11.31,1.2
2008-09-22,1460.34,11.34,1.21
2008-09-23,1481.37,11.5,1.23
2008-09-24,1495.98,11.62,1.24
2008-09-25,1501.63,11.66,1.24
2008-09-26,1476.33,11.46,1.22
2008-09-29,1456.36,11.31,1.2
2008-09-30,1448.06,11.25,1.2
2008-10-01,1439.67,11.18,1.19
2008-10-02,1419.65,11.03,1.18
2008-10-06,1358.75,10.55,1.13
2008-10-07,1366.1,10.62,1.13
2008-10-08,1286.69,10.01,1.07
2008-10-09,1294.89,10.08,1.08
2008-10-10,1241.47,9.81,1.03
2008-10-13,1288.53,10.17,1.07
2008-10-14,1367.69,10.8,1.13
2008-10-15,1340.28,10.58,1.11
2008-10-16,1213.78,9.58,1.01
2008-10-17,1180.67,9.35,0.98
2008-10-20,1207.63,9.57,1.0
2008-10-21,1196.1,9.47,0.99
2008-10-22,1134.59,8.98,0.94
2008-10-23,1049.71,8.3,0.87
2008-10-24,938.75,7.4,0.78
2008-10-27,946.45,7.46,0.78
2008-10-28,999.16,7.9,0.83
2008-10-29,968.97,7.68,0.81
2008-10-30,1084.72,8.6,0.9
2008-10-31,1113.06,8.84,0.93
2008-11-03,1129.08,8.99,0.94
2008-11-04,1153.35,9.17,0.96
2008-11-05,1181.5,9.4,0.98
2008-11-06,1092.22,8.7,0.91
2008-11-07,1134.49,9.04,0.95
2008-11-10,1152.46,9.18,0.96
2008-11-11,1128.73,8.99,0.94
2008-11-12,1123.86,8.95,0.94
2008-11-13,1088.44,8.68,0.91
2008-11-14,1088.26,8.66,0.91
2008-11-17,1078.32,8.58,0.9
2008-11-18,1036.16,8.25,0.86
2008-11-19,1016.82,8.1,0.85
2008-11-20,948.69,7.57,0.79
2008-11-21,1003.73,8.01,0.84
2008-11-24,970.14,7.75,0.81
2008-11-25,983.32,7.84,0.82
2008-11-26,1029.78,8.2,0.86
2008-11-27,1063.48,8.46,0.88
2008-11-28,1076.07,8.57,0.9
2008-12-01,1058.62,8.5,0.89
2008-12-02,1023.2,8.21,0.86
2008-12-03,1022.67,8.19,0.86
2008-12-04,1006.54,8.06,0.85
2008-12-05,1028.13,8.23,0.86
2008-12-08,1105.05,8.84,0.93
2008-12-09,1105.84,8.85,0.93
2008-12-10,1145.87,9.16,0.96
2008-12-11,1154.43,9.22,0.97
2008-12-12,1103.82,8.84,0.93
2008-12-15,1158.19,9.27,0.97
2008-12-16,1161.56,9.3,0.98
2008-12-17,1169.75,9.35,0.98
2008-12-18,1175.91,9.4,0.99
2008-12-19,1180.97,9.44,0.99
2008-12-22,1179.61,9.43,0.99
2008-12-23,1144.31,9.15,0.96
2008-12-24,1128.51,9.04,0.95
2008-12-26,1117.86,8.94,0.94
2008-12-29,1117.59,8.93,0.94
2008-12-30,1124.47,8.99,0.94
2009-01-02,1157.4,9.25,0.97
2009-01-05,1173.57,9.35,0.98
2009-01-06,1194.28,9.52,1.0
2009-01-07,1228.17,9.81,1.03
2009-01-08,1205.7,9.64,1.01
2009-01-09,1180.96,9.42,0.99
2009-01-12,1156.75,9.23,0.97
2009-01-13,1167.71,9.31,0.98
2009-01-14,1182.68,9.42,0.99
2009-01-15,1111.34,8.86,0.93
2009-01-16,1135.2,9.05,0.95
2009-01-19,1150.65,9.18,0.96
2009-01-20,1126.81,9.0,0.95
2009-01-21,1103.61,8.82,0.93
2009-01-22,1116.23,8.91,0.94
2009-01-23,1093.4,8.73,0.92
2009-01-28,1157.98,9.24,0.97
2009-01-29,1166.56,9.3,0.98
2009-01-30,1162.11,9.26,0.97
2009-02-02,1146.95,9.15,0.96
2009-02-03,1163.2,9.28,0.97
2009-02-04,1195.37,9.54,1.0
2009-02-05,1177.88,9.4,0.99
2009-02-06,1210.26,9.66,1.01
2009-02-09,1202.69,9.6,1.01
2009-02-10,1198.87,9.56,1.0
2009-02-11,1190.18,9.5,1.0
2009-02-12,1179.84,9.43,0.99
2009-02-13,1192.44,9.53,1.0
2009-02-16,1175.47,9.39,0.99
2009-02-17,1127.19,8.99,0.95
2009-02-18,1113.19,8.89,0.93
2009-02-19,1107.1,8.84,0.93
2009-02-20,1065.95,8.51,0.9
2009-02-23,1099.55,8.78,0.92
2009-02-24,1063.88,8.49,0.89
2009-02-25,1067.08,8.51,0.9
2009-02-26,1054.79,8.41,0.88
2009-02-27,1063.03,8.47,0.89
2009-03-02,1018.81,8.12,0.85
2009-03-03,1025.57,8.17,0.86
2009-03-04,1059.26,8.44,0.89
2009-03-05,1058.18,8.44,0.89
2009-03-06,1055.03,8.42,0.89
2009-03-09,1071.73,8.55,0.9
2009-03-10,1092.2,8.7,0.92
2009-03-11,1127.51,8.98,0.94
2009-03-12,1128.39,8.98,0.94
2009-03-13,1126.03,8.97,0.94
2009-03-16,1125.46,8.96,0.94
2009-03-17,1163.88,9.25,0.97
2009-03-18,1169.95,9.31,0.98
2009-03-19,1161.81,9.25,0.97
2009-03-20,1170.94,8.75,0.98
2009-03-23,1199.5,8.96,1.0
2009-03-24,1221.7,9.12,1.02
2009-03-25,1229.02,9.17,1.03
2009-03-26,1243.8,9.28,1.04
2009-03-27,1237.51,9.23,1.03
2009-03-30,1197.46,8.94,1.0
2009-03-31,1206.26,9.01,1.01
2009-04-01,1233.36,9.2,1.03
2009-04-02,1276.97,9.53,1.07
2009-04-03,1283.75,9.57,1.07
2009-04-06,1297.85,9.68,1.09
2009-04-07,1300.1,9.69,1.09
2009-04-08,1262.07,9.4,1.06
2009-04-09,1316.35,9.8,1.1
2009-04-10,1336.04,9.96,1.12
2009-04-13,1338.26,9.96,1.12
2009-04-14,1342.63,9.99,1.12
2009-04-15,1333.09,9.93,1.12
2009-04-16,1336.72,9.96,1.12
2009-04-17,1329.0,9.91,1.11
2009-04-20,1336.39,10.0,1.12
2009-04-21,1336.81,10.0,1.12
2009-04-22,1356.02,10.14,1.14
2009-04-23,1368.8,10.24,1.15
2009-04-24,1354.1,10.11,1.14
2009-04-27,1339.83,10.0,1.13
2009-04-28,1300.24,9.71,1.09
2009-04-29,1338.42,10.69,1.12
2009-04-30,1369.36,10.93,1.15
2009-05-04,1397.92,11.13,1.17
2009-05-06,1393.45,17.99,1.1
2009-05-07,1401.08,18.08,1.11
2009-05-08,1412.13,18.23,1.12
2009-05-11,1415.16,18.27,1.12
2009-05-12,1403.51,18.14,1.11
2009-05-13,1414.52,18.36,1.12
2009-05-14,1380.95,17.93,1.09
2009-05-15,1391.73,18.07,1.1
2009-05-18,1386.68,17.96,1.1
2009-05-19,1428.21,18.49,1.13
2009-05-20,1435.7,18.63,1.14
2009-05-21,1421.65,18.44,1.13
2009-05-22,1403.75,18.19,1.11
2009-05-25,1400.9,18.15,1.11
2009-05-26,1372.04,17.8,1.09
2009-05-27,1362.02,17.71,1.08
2009-05-28,1392.17,18.1,1.1
2009-05-29,1395.89,18.54,1.11
2009-06-01,1415.1,18.78,1.12
2009-06-02,1412.85,18.67,1.12
2009-06-03,1414.89,18.71,1.12
2009-06-04,1378.14,18.23,1.09
2009-06-05,1394.71,18.45,1.11
2009-06-08,1393.3,18.45,1.11
2009-06-09,1371.84,18.17,1.09
2009-06-10,1414.88,18.73,1.12
2009-06-11,1419.39,18.78,1.13
2009-06-12,1428.59,18.91,1.13
2009-06-15,1412.42,18.71,1.12
2009-06-16,1399.15,18.53,1.11
2009-06-17,1391.17,18.44,1.1
2009-06-18,1375.76,18.25,1.09
2009-06-19,1383.34,18.34,1.1
2009-06-22,1399.71,18.54,1.11
2009-06-23,1360.54,18.01,1.08
2009-06-24,1363.79,18.05,1.08
2009-06-25,1392.73,18.43,1.11
2009-06-26,1394.53,18.45,1.11
2009-06-29,1388.45,18.37,1.1
2009-06-30,1390.07,18.39,1.1
2009-07-01,1411.66,18.66,1.12
2009-07-02,1411.48,18.66,1.12
2009-07-03,1420.04,18.78,1.13
2009-07-06,1428.94,18.92,1.13
2009-07-07,1434.2,19.0,1.14
2009-07-08,1431.02,18.96,1.14
2009-07-09,1430.89,18.94,1.13
2009-07-10,1428.62,18.9,1.13
2009-07-13,1378.12,18.24,1.09
2009-07-14,1385.56,18.34,1.1
2009-07-15,1420.86,18.79,1.13
2009-07-16,1432.22,18.86,1.13
2009-07-17,1440.1,18.96,1.14
2009-07-20,1478.51,19.45,1.17
2009-07-21,1488.99,19.59,1.18
2009-07-22,1494.04,19.66,1.18
2009-07-23,1496.49,19.7,1.19
2009-07-24,1502.59,19.79,1.19
2009-07-27,1524.05,20.06,1.21
2009-07-28,1526.03,20.07,1.21
2009-07-29,1524.32,20.04,1.21
2009-07-30,1534.74,20.17,1.21
2009-07-31,1557.29,20.55,1.23
2009-08-03,1564.98,21.67,1.24
2009-08-04,1566.37,21.69,1.24
2009-08-05,1559.47,21.6,1.23
2009-08-06,1565.04,21.72,1.24
2009-08-07,1576.0,21.86,1.25
2009-08-10,1576.11,21.86,1.25
2009-08-11,1579.21,21.94,1.25
2009-08-12,1565.35,21.76,1.24
2009-08-13,1564.64,21.76,1.24
2009-08-14,1591.41,22.13,1.26
2009-08-17,1547.06,21.48,1.22
2009-08-18,1550.24,21.53,1.23
2009-08-19,1545.96,21.48,1.22
2009-08-20,1576.39,21.89,1.25
2009-08-21,1580.98,21.95,1.25
2009-08-24,1612.22,22.31,1.27
2009-08-25,1601.38,22.19,1.27
2009-08-26,1614.12,22.36,1.28
2009-08-27,1599.33,22.16,1.27
2009-08-28,1607.94,22.29,1.27
2009-08-31,1591.85,22.08,1.26
2009-09-01,1623.06,22.51,1.29
2009-09-02,1613.16,22.38,1.28
2009-09-03,1613.53,22.36,1.28
2009-09-04,1608.9,22.28,1.27
2009-09-07,1608.57,22.29,1.27
2009-09-08,1619.69,22.45,1.28
2009-09-09,1607.77,22.28,1.27
2009-09-10,1644.68,22.78,1.3
2009-09-11,1651.7,22.86,1.3
2009-09-14,1634.91,22.63,1.29
2009-09-15,1653.4,22.88,1.31
2009-09-16,1683.33,23.29,1.33
2009-09-17,1695.47,23.46,1.34
2009-09-18,1699.71,23.53,1.34
2009-09-21,1695.5,23.47,1.34
2009-09-22,1718.88,23.81,1.36
2009-09-23,1711.47,23.72,1.35
2009-09-24,1693.88,23.48,1.34
2009-09-25,1691.48,23.41,1.34
2009-09-28,1675.55,23.19,1.32
2009-09-29,1690.05,23.38,1.34
2009-09-30,1673.14,23.13,1.32
2009-10-01,1644.63,22.72,1.3
2009-10-05,1606.9,22.2,1.27
2009-10-06,1598.44,22.09,1.26
2009-10-07,1598.0,22.06,1.26
2009-10-08,1615.46,22.3,1.27
2009-10-09,1646.79,22.76,1.3
2009-10-12,1639.81,22.67,1.3
2009-10-13,1628.93,22.52,1.29
2009-10-14,1649.09,22.8,1.3
2009-10-15,1658.99,22.94,1.31
2009-10-16,1640.36,22.67,1.3
2009-10-19,1649.07,22.79,1.3
2009-10-20,1659.15,22.87,1.31
2009-10-21,1653.86,22.8,1.31
2009-10-22,1630.33,22.48,1.29
2009-10-23,1640.17,22.61,1.3
2009-10-26,1657.11,22.85,1.31
2009-10-27,1649.53,22.74,1.3
2009-10-28,1609.71,22.19,1.27
2009-10-29,1585.85,21.87,1.25
2009-10-30,1580.69,21.8,1.25
2009-11-02,1559.09,21.5,1.23
2009-11-03,1549.92,21.42,1.23
2009-11-04,1579.93,21.84,1.25
2009-11-05,1552.24,21.45,1.23
2009-11-06,1572.46,21.73,1.24
2009-11-09,1576.79,21.79,1.25
2009-11-10,1582.3,21.86,1.25
2009-11-11,1594.82,22.04,1.26
2009-11-12,1572.73,21.7,1.24
2009-11-13,1571.99,21.67,1.24
2009-11-16,1592.47,21.96,1.26
2009-11-17,1585.98,21.89,1.25
2009-11-18,1603.97,22.14,1.27
2009-11-19,1620.54,22.36,1.28
2009-11-20,1620.6,22.36,1.28
2009-11-23,1619.05,22.32,1.28
2009-11-24,1606.42,22.15,1.27
2009-11-25,1611.88,22.24,1.28
2009-11-26,1599.52,22.07,1.27
2009-11-27,1524.5,21.07,1.21
2009-11-30,1555.6,21.47,1.23
2009-12-01,1569.72,21.67,1.24
2009-12-02,1591.63,21.97,1.26
2009-12-03,1615.0,22.3,1.28
2009-12-04,1624.76,22.44,1.29
2009-12-07,1632.65,22.55,1.29
2009-12-08,1627.78,22.48,1.29
2009-12-09,1634.17,22.59,1.29
2009-12-10,1652.73,22.83,1.31
2009-12-11,1656.9,22.9,1.31
2009-12-14,1664.77,23.02,1.32
2009-12-15,1665.85,23.42,1.32
2009-12-16,1664.24,23.02,1.32
2009-12-17,1647.84,22.8,1.31
2009-12-18,1647.04,22.8,1.31
2009-12-21,1644.23,22.77,1.31
2009-12-22,1655.54,23.04,1.31
2009-12-23,1661.35,23.13,1.32
2009-12-24,1682.34,23.44,1.34
2009-12-28,1685.59,23.5,1.34
2009-12-29,1672.48,23.32,1.33
2009-12-30,1682.77,23.68,1.34
2010-01-04,1696.14,23.87,1.35
2010-01-05,1690.62,23.8,1.35
2010-01-06,1705.32,24.01,1.36
2010-01-07,1683.45,23.71,1.34
2010-01-08,1695.26,23.88,1.35
2010-01-11,1694.12,23.85,1.35
2010-01-12,1698.64,23.92,1.35
2010-01-13,1671.41,23.54,1.33
2010-01-14,1685.77,23.69,1.34
2010-01-15,1701.8,23.83,1.36
2010-01-18,1711.78,24.01,1.37
2010-01-19,1710.22,23.99,1.37
2010-01-20,1714.38,24.05,1.37
2010-01-21,1722.01,24.16,1.38
2010-01-22,1684.35,23.65,1.35
2010-01-25,1670.2,23.46,1.34
2010-01-26,1637.34,22.99,1.31
2010-01-27,1625.48,22.84,1.3
2010-01-28,1642.43,23.06,1.31
2010-01-29,1602.43,22.52,1.28
2010-02-01,1606.44,22.77,1.28
2010-02-02,1595.81,22.66,1.27
2010-02-03,1615.02,22.94,1.29
2010-02-04,1616.42,22.98,1.29
2010-02-05,1567.12,22.3,1.25
2010-02-08,1552.79,22.1,1.24
2010-02-09,1570.49,22.34,1.26
2010-02-10,1570.12,22.32,1.26
2010-02-11,1597.81,22.74,1.28
2010-02-12,1593.66,22.68,1.27
2010-02-16,1601.05,22.8,1.28
2010-02-17,1627.43,23.16,1.3
2010-02-18,1621.19,23.08,1.3
2010-02-19,1593.9,22.7,1.27
2010-02-22,1627.1,23.17,1.3
2010-02-23,1628.9,23.2,1.3
2010-02-24,1612.83,22.97,1.29
2010-02-25,1587.51,22.62,1.27
2010-02-26,1594.58,22.72,1.28
2010-03-02,1615.12,23.02,1.29
2010-03-03,1622.44,23.12,1.3
2010-03-04,1618.2,23.05,1.29
2010-03-05,1634.57,23.29,1.31
2010-03-08,1660.04,23.64,1.33
2010-03-09,1660.83,23.65,1.33
2010-03-10,1662.24,23.67,1.33
2010-03-11,1656.62,23.57,1.33
2010-03-12,1662.74,23.65,1.33
2010-03-15,1649.5,23.5,1.32
2010-03-16,1648.01,23.48,1.32
2010-03-17,1682.86,23.96,1.35
2010-03-18,1675.17,24.0,1.34
2010-03-19,1686.11,24.16,1.35
2010-03-22,1672.67,23.98,1.34
2010-03-23,1681.82,24.11,1.35
2010-03-24,1681.01,24.1,1.35
2010-03-25,1688.39,24.2,1.35
2010-03-26,1697.72,24.34,1.36
2010-03-29,1691.99,24.25,1.36
2010-03-30,1700.19,24.36,1.36
2010-03-31,1692.85,24.35,1.36
2010-04-01,1719.17,24.13,1.38
2010-04-02,1723.49,24.19,1.38
2010-04-05,1724.99,24.22,1.38
2010-04-06,1726.09,24.24,1.38
2010-04-07,1726.6,24.26,1.39
2010-04-08,1733.78,24.42,1.39
2010-04-09,1724.47,24.28,1.38
2010-04-12,1710.3,24.05,1.37
2010-04-13,1710.59,24.06,1.37
2010-04-14,1735.33,24.4,1.39
2010-04-15,1743.91,24.54,1.4
2010-04-16,1734.49,24.41,1.39
2010-04-19,1705.3,24.0,1.37
2010-04-20,1718.03,24.18,1.38
2010-04-21,1747.58,24.61,1.4
2010-04-22,1739.52,24.51,1.39
2010-04-23,1737.03,24.47,1.39
2010-04-26,1752.2,24.68,1.4
2010-04-27,1749.55,24.64,1.4
2010-04-28,1733.91,24.44,1.39
2010-04-29,1728.42,15.28,1.26
2010-04-30,1741.56,15.4,1.27
2010-05-03,1721.21,15.23,1.26
2010-05-04,1718.75,15.21,1.26
2010-05-06,1684.71,14.89,1.23
2010-05-07,1647.5,14.56,1.2
2010-05-10,1677.63,14.8,1.23
2010-05-11,1670.24,14.73,1.22
2010-05-12,1663.03,14.67,1.22
2010-05-13,1694.58,15.32,1.26
2010-05-14,1695.63,15.33,1.26
2010-05-17,1651.51,14.93,1.23
2010-05-18,1643.24,14.86,1.22
2010-05-19,1630.08,14.74,1.21
2010-05-20,1600.18,14.47,1.19
2010-05-24,1604.93,14.51,1.19
2010-05-25,1560.83,14.12,1.16
2010-05-26,1582.12,14.31,1.18
2010-05-27,1607.5,14.54,1.2
2010-05-28,1622.78,14.68,1.21
2010-05-31,1641.25,14.84,1.22
2010-06-01,1630.4,14.75,1.21
2010-06-03,1661.84,15.05,1.24
2010-06-04,1664.13,15.07,1.24
2010-06-07,1637.97,14.84,1.22
2010-06-08,1651.48,14.96,1.23
2010-06-09,1647.22,14.92,1.23
2010-06-10,1651.7,14.96,1.23
2010-06-11,1675.34,15.18,1.25
2010-06-14,1690.6,15.32,1.26
2010-06-15,1690.03,15.31,1.26
2010-06-16,1705.33,15.45,1.27
2010-06-17,1707.92,15.24,1.27
2010-06-18,1711.95,15.28,1.27
2010-06-21,1739.68,15.53,1.29
2010-06-22,1731.48,15.46,1.29
2010-06-23,1725.82,15.4,1.28
2010-06-24,1739.87,15.57,1.29
2010-06-25,1729.84,15.48,1.28
2010-06-28,1732.03,15.5,1.29
2010-06-29,1707.76,15.25,1.27
2010-06-30,1698.29,15.17,1.26
2010-07-01,1686.24,15.06,1.25
2010-07-02,1671.82,14.93,1.24
2010-07-05,1675.37,14.96,1.24
2010-07-06,1684.94,15.05,1.25
2010-07-07,1675.65,14.97,1.24
2010-07-08,1698.64,15.17,1.26
2010-07-09,1723.01,14.71,1.26
2010-07-12,1734.05,14.81,1.27
2010-07-13,1735.08,14.81,1.27
2010-07-14,1758.01,15.02,1.29
2010-07-15,1751.29,14.96,1.28
2010-07-16,1738.45,14.85,1.27
2010-07-19,1731.95,14.79,1.27
2010-07-20,1736.77,14.82,1.27
2010-07-21,1748.78,14.92,1.28
2010-07-22,1735.53,14.81,1.27
2010-07-23,1758.06,15.0,1.29
2010-07-26,1769.07,15.09,1.29
2010-07-27,1768.31,15.1,1.29
2010-07-28,1773.47,15.14,1.3
2010-07-29,1770.88,15.12,1.3
2010-07-30,1759.33,15.01,1.29
2010-08-02,1782.27,15.23,1.31
2010-08-03,1790.6,15.3,1.31
2010-08-04,1789.26,15.28,1.31
2010-08-05,1783.86,15.23,1.31
2010-08-06,1783.83,15.24,1.31
2010-08-09,1790.17,15.29,1.31
2010-08-10,1781.13,15.21,1.3
2010-08-11,1758.19,15.02,1.29
2010-08-12,1721.75,14.7,1.26
2010-08-13,1746.24,14.91,1.28
2010-08-16,1743.31,14.89,1.28
2010-08-17,1755.03,14.98,1.28
2010-08-18,1761.99,15.03,1.29
2010-08-19,1779.64,15.2,1.3
2010-08-20,1775.54,15.17,1.3
2010-08-23,1767.71,15.1,1.29
2010-08-24,1760.53,15.04,1.29
2010-08-25,1734.79,14.82,1.27
2010-08-26,1729.76,14.78,1.27
2010-08-27,1729.56,14.78,1.27
2010-08-30,1760.13,15.1,1.29
2010-08-31,1742.75,14.94,1.28
2010-09-01,1764.69,15.13,1.29
2010-09-02,1775.73,15.23,1.3
2010-09-03,1780.02,15.27,1.3
2010-09-06,1792.42,15.37,1.31
2010-09-07,1787.74,15.34,1.31
2010-09-08,1779.22,15.3,1.3
2010-09-09,1784.36,15.35,1.31
2010-09-10,1802.58,15.5,1.32
2010-09-13,1818.86,15.64,1.33
2010-09-14,1815.25,15.61,1.33
2010-09-15,1823.88,15.69,1.33
2010-09-16,1811.85,15.58,1.33
2010-09-17,1827.35,15.71,1.34
2010-09-20,1832.63,15.76,1.34
2010-09-24,1846.6,15.88,1.35
2010-09-27,1860.83,16.0,1.36
2010-09-28,1855.97,15.96,1.36
2010-09-29,1866.45,16.06,1.37
2010-09-30,1872.81,16.11,1.37
2010-10-01,1876.73,16.15,1.37
2010-10-04,1879.29,16.17,1.38
2010-10-05,1878.94,16.17,1.38
2010-10-06,1903.95,16.39,1.39
2010-10-07,1900.85,16.36,1.39
2010-10-08,1897.07,16.33,1.39
2010-10-11,1889.91,16.29,1.39
2010-10-12,1868.04,16.09,1.37
2010-10-13,1876.15,16.16,1.38
2010-10-14,1899.76,16.36,1.39
2010-10-15,1902.29,16.38,1.39
2010-10-18,1875.42,16.15,1.37
2010-10-19,1857.32,16.0,1.36
2010-10-20,1870.44,16.12,1.37
2010-10-21,1874.69,16.15,1.37
2010-10-22,1897.31,16.35,1.39
2010-10-25,1915.71,16.51,1.4
2010-10-26,1919.41,16.54,1.41
2010-10-27,1909.54,16.45,1.4
2010-10-28,1907.87,16.44,1.4
2010-10-29,1882.95,16.22,1.38
2010-11-01,1914.74,16.5,1.4
2010-11-02,1918.04,16.54,1.41
2010-11-03,1935.97,16.69,1.42
2010-11-04,1942.5,16.75,1.42
2010-11-05,1938.96,16.72,1.42
2010-11-08,1942.41,16.75,1.42
2010-11-09,1947.46,16.84,1.43
2010-11-10,1967.85,17.01,1.44
2010-11-11,1914.73,16.55,1.4
2010-11-12,1913.12,16.54,1.4
2010-11-15,1913.81,16.55,1.4
2010-11-16,1899.13,16.45,1.39
2010-11-17,1897.11,16.41,1.39
2010-11-18,1927.86,16.67,1.41
2010-11-19,1940.96,16.79,1.42
2010-11-22,1944.34,16.82,1.42
2010-11-23,1928.94,16.68,1.41
2010-11-24,1925.98,16.66,1.41
2010-11-25,1927.68,16.67,1.41
2010-11-26,1901.8,16.46,1.39
2010-11-29,1895.54,16.4,1.39
2010-11-30,1904.63,16.47,1.39
2010-12-01,1929.32,16.69,1.41
2010-12-02,1950.26,16.88,1.43
2010-12-03,1957.26,16.95,1.43
2010-12-06,1953.64,16.91,1.43
2010-12-07,1962.52,16.99,1.44
2010-12-08,1955.72,16.92,1.43
2010-12-09,1988.96,17.21,1.46
2010-12-10,1986.14,17.18,1.46
2010-12-13,1996.59,17.28,1.46
2010-12-14,2009.05,17.38,1.47
2010-12-15,2017.48,17.47,1.48
2010-12-16,2009.24,17.41,1.47
2010-12-17,2026.3,17.55,1.48
2010-12-20,2020.28,17.5,1.48
2010-12-21,2037.09,17.64,1.49
2010-12-22,2038.11,17.65,1.49
2010-12-23,2037.53,17.65,1.49
2010-12-24,2029.6,17.58,1.49
2010-12-27,2022.19,17.55,1.48
2010-12-28,2033.32,17.65,1.49
2010-12-29,2043.49,17.73,1.5
2010-12-30,2051.0,17.8,1.5
2011-01-03,2070.08,17.96,1.52
2011-01-04,2085.14,18.09,1.53
2011-01-05,2082.55,18.26,1.53
2011-01-06,2077.61,18.22,1.52
2011-01-07,2086.2,18.29,1.53
2011-01-10,2080.81,18.25,1.53
2011-01-11,2088.32,18.31,1.53
2011-01-12,2094.95,18.37,1.54
2011-01-13,2089.48,18.33,1.53
2011-01-14,2108.17,18.49,1.55
2011-01-17,2099.85,18.42,1.54
2011-01-18,2096.48,18.41,1.54
2011-01-19,2115.69,18.58,1.55
2011-01-20,2106.66,18.5,1.55
2011-01-21,2069.92,18.18,1.52
2011-01-24,2082.16,18.29,1.53
2011-01-25,2086.67,18.33,1.53
2011-01-26,2110.46,18.28,1.55
2011-01-27,2115.01,18.31,1.55
2011-01-28,2107.87,18.25,1.55
2011-01-31,2069.73,17.92,1.52
2011-02-01,2072.03,17.94,1.52
2011-02-07,2081.74,17.99,1.53
2011-02-08,2069.7,17.88,1.52
2011-02-09,2045.58,17.67,1.5
2011-02-10,2008.5,17.35,1.48
2011-02-11,1977.19,17.07,1.45
2011-02-14,2014.59,17.44,1.48
2011-02-15,2010.52,17.36,1.48
2011-02-16,1989.11,17.18,1.46
2011-02-17,1977.22,17.08,1.45
2011-02-18,2013.14,17.39,1.48
2011-02-21,2005.3,17.32,1.47
2011-02-22,1969.92,17.03,1.45
2011-02-23,1961.63,16.95,1.44
2011-02-24,1949.88,16.85,1.43
2011-02-25,1963.43,16.97,1.44
2011-02-28,1939.3,16.76,1.43
2011-03-02,1928.24,16.67,1.42
2011-03-03,1970.66,17.04,1.45
2011-03-04,2004.68,17.33,1.47
2011-03-07,1980.27,17.13,1.46
2011-03-08,1996.32,17.26,1.47
2011-03-09,2001.47,17.31,1.47
2011-03-10,1981.58,17.14,1.46
2011-03-11,1955.54,16.91,1.44
2011-03-14,1971.23,17.04,1.45
2011-03-15,1923.92,16.63,1.41
2011-03-16,1957.97,16.93,1.44
2011-03-17,1959.03,16.96,1.44
2011-03-18,1981.13,17.15,1.46
2011-03-21,2003.42,17.34,1.47
2011-03-22,2013.66,17.43,1.48
2011-03-23,2012.18,17.41,1.48
2011-03-24,2036.78,17.63,1.5
2011-03-25,2054.04,17.82,1.51
2011-03-28,2056.39,17.86,1.51
2011-03-29,2072.13,18.0,1.52
2011-03-30,2091.38,18.2,1.54
2011-03-31,2106.7,18.39,1.55
2011-04-01,2121.01,18.52,1.56
2011-04-04,2115.87,18.47,1.56
2011-04-05,2130.43,18.6,1.57
2011-04-06,2126.71,18.57,1.56
2011-04-07,2122.14,18.54,1.56
2011-04-08,2127.97,18.59,1.57
2011-04-11,2122.39,18.54,1.56
2011-04-12,2089.4,18.27,1.54
2011-04-13,2121.92,18.56,1.56
2011-04-14,2141.06,18.73,1.58
2011-04-15,2140.5,18.72,1.58
2011-04-18,2137.72,18.71,1.58
2011-04-19,2122.68,18.57,1.56
2011-04-20,2169.91,18.99,1.6
2011-04-21,2198.54,19.24,1.62
2011-04-22,2197.82,19.24,1.62
2011-04-25,2216.0,19.39,1.63
2011-04-26,2206.3,19.31,1.63
2011-04-27,2206.7,13.33,1.45
2011-04-28,2208.35,13.33,1.45
2011-04-29,2192.36,13.23,1.44
2011-05-02,2228.96,13.45,1.46
2011-05-03,2200.73,13.28,1.44
2011-05-04,2180.64,13.16,1.43
2011-05-06,2147.45,12.96,1.41
2011-05-09,2139.17,12.91,1.4
2011-05-11,2166.63,13.08,1.42
2011-05-12,2122.65,12.84,1.39
2011-05-13,2120.08,12.83,1.39
2011-05-16,2104.18,12.73,1.38
2011-05-17,2102.41,12.72,1.38
2011-05-18,2135.78,12.92,1.4
2011-05-19,2095.51,12.68,1.38
2011-05-20,2111.5,12.78,1.39
2011-05-23,2055.71,12.45,1.35
2011-05-24,2061.76,12.49,1.35
2011-05-25,2035.87,12.33,1.34
2011-05-26,2091.91,12.67,1.37
2011-05-27,2100.24,12.72,1.38
2011-05-30,2093.79,12.68,1.37
2011-05-31,2142.47,12.98,1.41
2011-06-01,2141.34,12.97,1.41
2011-06-02,2114.2,12.81,1.39
2011-06-03,2113.47,12.8,1.39
2011-06-07,2099.71,12.73,1.38
2011-06-08,2083.35,12.63,1.37
2011-06-09,2071.42,12.56,1.36
2011-06-10,2046.67,12.41,1.35
2011-06-13,2048.74,12.46,1.35
2011-06-14,2076.83,12.64,1.37
2011-06-15,2086.53,12.69,1.37
2011-06-16,2046.63,12.45,1.35
2011-06-17,2031.93,12.36,1.34
2011-06-20,2019.65,12.29,1.33
2011-06-21,2048.17,12.46,1.35
2011-06-22,2063.9,12.56,1.36
2011-06-23,2055.86,12.51,1.35
2011-06-24,2090.81,12.72,1.38
2011-06-27,2070.29,12.59,1.36
2011-06-28,2062.91,12.55,1.36
2011-06-29,2094.42,12.74,1.38
2011-06-30,2100.69,12.76,1.38
2011-07-01,2125.74,12.93,1.4
2011-07-04,2145.3,13.04,1.41
2011-07-05,2161.75,13.15,1.42
2011-07-06,2171.19,13.2,1.43
2011-07-07,2180.59,13.26,1.44
2011-07-08,2180.35,13.26,1.43
2011-07-11,2157.16,13.11,1.42
2011-07-12,2109.73,12.82,1.39
2011-07-13,2129.64,12.95,1.4
2011-07-14,2130.07,12.95,1.4
2011-07-15,2145.2,13.04,1.41
2011-07-18,2130.48,12.95,1.4
2011-07-19,2130.21,12.95,1.4
2011-07-20,2154.95,13.1,1.42
2011-07-21,2145.04,13.03,1.41
2011-07-22,2171.23,13.2,1.43
2011-07-25,2150.48,12.95,1.4
2011-07-26,2168.7,13.06,1.41
2011-07-27,2174.31,13.1,1.42
2011-07-28,2155.85,12.98,1.41
2011-07-29,2133.21,12.84,1.39
2011-08-01,2172.31,12.91,1.42
2011-08-02,2121.27,12.6,1.38
2011-08-03,2066.26,12.28,1.35
2011-08-04,2018.47,11.99,1.32
2011-08-05,1943.75,11.54,1.27
2011-08-08,1869.45,11.1,1.22
2011-08-09,1801.35,10.7,1.17
2011-08-10,1806.24,10.72,1.18
2011-08-11,1817.44,10.79,1.18
2011-08-12,1793.31,10.64,1.17
2011-08-16,1879.87,11.16,1.23
2011-08-17,1892.67,11.24,1.23
2011-08-18,1860.58,11.04,1.21
2011-08-19,1744.88,10.35,1.14
2011-08-22,1710.7,10.14,1.11
2011-08-23,1776.68,10.54,1.16
2011-08-24,1754.78,10.41,1.14
2011-08-25,1764.58,10.47,1.15
2011-08-26,1778.95,10.56,1.16
2011-08-29,1829.5,10.86,1.19
2011-08-30,1843.82,10.95,1.2
2011-08-31,1880.11,11.16,1.22
2011-09-01,1880.7,11.16,1.22
2011-09-02,1867.75,11.08,1.22
2011-09-05,1785.83,10.6,1.16
2011-09-06,1766.71,10.48,1.15
2011-09-07,1833.46,10.88,1.19
2011-09-08,1846.64,10.96,1.2
2011-09-09,1812.93,10.76,1.18
2011-09-14,1749.16,10.38,1.14
2011-09-15,1774.08,10.53,1.16
2011-09-16,1840.1,10.92,1.2
2011-09-19,1820.94,10.8,1.19
2011-09-20,1837.97,10.91,1.2
2011-09-21,1854.28,11.0,1.21
2011-09-22,1800.55,10.68,1.17
2011-09-23,1697.44,10.08,1.1
2011-09-26,1652.71,9.81,1.08
2011-09-27,1735.71,10.31,1.13
2011-09-28,1723.09,10.23,1.12
2011-09-29,1769.29,10.47,1.15
2011-09-30,1769.65,10.48,1.15
2011-10-04,1706.19,10.1,1.11
2011-10-05,1666.52,9.87,1.08
2011-10-06,1710.32,10.14,1.11
2011-10-07,1759.77,10.42,1.15
2011-10-10,1766.44,10.46,1.15
2011-10-11,1795.02,10.63,1.17
2011-10-12,1809.5,10.72,1.18
2011-10-13,1823.1,10.8,1.19
2011-10-14,1835.4,10.88,1.19
2011-10-17,1865.18,11.06,1.21
2011-10-18,1838.9,10.9,1.2
2011-10-19,1855.92,11.0,1.21
2011-10-20,1805.09,10.7,1.18
2011-10-21,1838.38,10.9,1.2
2011-10-24,1898.32,11.29,1.24
2011-10-25,1888.65,11.22,1.23
2011-10-26,1894.31,11.27,1.23
2011-10-27,1922.04,11.44,1.25
2011-10-28,1929.48,11.49,1.26
2011-10-31,1909.03,11.36,1.24
2011-11-01,1909.63,11.37,1.24
2011-11-02,1898.01,11.29,1.24
2011-11-03,1869.96,11.13,1.22
2011-11-04,1928.41,11.48,1.26
2011-11-07,1919.1,11.43,1.25
2011-11-08,1903.14,11.33,1.24
2011-11-09,1907.53,11.36,1.24
2011-11-10,1813.25,10.79,1.18
2011-11-11,1863.45,11.09,1.21
2011-11-14,1902.81,11.33,1.24
2011-11-15,1886.12,11.23,1.23
2011-11-16,1856.07,11.05,1.21
2011-11-17,1876.67,11.18,1.22
2011-11-18,1839.17,10.96,1.2
2011-11-21,1820.03,10.84,1.19
2011-11-22,1826.28,10.89,1.19
2011-11-23,1783.1,10.63,1.16
2011-11-24,1795.06,10.69,1.17
2011-11-25,1776.4,10.58,1.16
2011-11-28,1815.28,10.82,1.18
2011-11-29,1856.52,11.07,1.21
2011-11-30,1847.51,11.01,1.2
2011-12-01,1916.18,11.43,1.25
2011-12-02,1916.04,11.43,1.25
2011-12-05,1922.9,11.47,1.25
2011-12-06,1902.82,11.36,1.24
2011-12-07,1919.42,11.45,1.25
2011-12-08,1912.39,11.41,1.25
2011-12-09,1874.75,11.19,1.22
2011-12-12,1899.76,11.34,1.24
2011-12-13,1864.06,11.13,1.22
2011-12-14,1857.75,11.08,1.21
2011-12-15,1819.11,10.85,1.19
2011-12-16,1839.96,10.98,1.2
2011-12-19,1776.93,10.6,1.16
2011-12-20,1793.06,10.7,1.17
2011-12-21,1848.41,11.03,1.2
2011-12-22,1847.49,11.02,1.2
2011-12-23,1867.22,11.15,1.22
2011-12-26,1856.7,11.09,1.21
2011-12-27,1842.02,11.0,1.2
2011-12-28,1825.12,10.89,1.19
2011-12-29,1825.74,10.9,1.19
2012-01-02,1826.37,10.9,1.19
2012-01-03,1875.41,11.2,1.22
2012-01-04,1866.22,11.14,1.22
2012-01-05,1863.74,11.14,1.22
2012-01-06,1843.14,11.02,1.2
2012-01-09,1826.49,10.92,1.19
2012-01-10,1853.22,11.08,1.21
2012-01-11,1845.55,11.05,1.2
2012-01-12,1864.57,11.17,1.22
2012-01-13,1875.68,11.24,1.22
2012-01-16,1859.27,11.14,1.21
2012-01-17,1892.74,11.34,1.23
2012-01-18,1892.39,11.34,1.23
2012-01-19,1914.97,11.47,1.25
2012-01-20,1949.89,11.68,1.27
2012-01-25,1952.23,11.7,1.27
2012-01-26,1957.18,11.73,1.28
2012-01-27,1964.83,11.77,1.28
2012-01-30,1940.55,11.63,1.26
2012-01-31,1955.79,11.72,1.27
2012-02-01,1959.24,11.74,1.28
2012-02-02,1984.3,11.89,1.29
2012-02-03,1972.34,11.82,1.29
2012-02-06,1973.13,11.82,1.29
2012-02-07,1981.59,11.87,1.29
2012-02-08,2003.73,12.0,1.31
2012-02-09,2014.62,12.08,1.31
2012-02-10,1993.71,11.95,1.3
2012-02-13,2005.74,12.02,1.31
2012-02-14,2002.64,12.0,1.31
2012-02-15,2025.32,12.14,1.32
2012-02-16,1997.45,11.97,1.3
2012-02-17,2023.47,12.13,1.32
2012-02-20,2024.9,12.14,1.32
2012-02-21,2024.24,12.13,1.32
2012-02-22,2028.65,12.16,1.32
2012-02-23,2007.8,12.01,1.31
2012-02-24,2019.89,12.08,1.32
2012-02-27,1991.16,11.91,1.3
2012-02-28,2003.69,11.98,1.31
2012-02-29,2030.25,12.16,1.33
2012-03-02,2034.63,12.17,1.33
2012-03-05,2016.06,12.06,1.32
2012-03-06,2000.36,11.97,1.31
2012-03-07,1982.15,11.87,1.29
2012-03-08,2000.76,11.98,1.31
2012-03-09,2018.3,12.09,1.32
2012-03-12,2002.5,11.99,1.31
2012-03-13,2025.04,12.13,1.32
2012-03-14,2045.08,12.25,1.34
2012-03-15,2043.76,12.24,1.33
2012-03-16,2034.44,12.18,1.33
2012-03-19,2047.0,12.89,1.33
2012-03-20,2042.15,12.86,1.33
2012-03-21,2027.23,12.77,1.32
2012-03-22,2026.12,12.76,1.32
2012-03-23,2026.83,12.77,1.32
2012-03-26,2019.19,12.72,1.32
2012-03-27,2039.76,12.85,1.33
2012-03-28,2031.74,12.8,1.33
2012-03-29,2014.41,12.69,1.31
2012-03-30,2014.04,12.69,1.31
2012-04-02,2029.29,12.75,1.32
2012-04-03,2049.28,12.88,1.34
2012-04-04,2018.61,12.68,1.32
2012-04-05,2028.77,12.75,1.32
2012-04-06,2029.03,12.75,1.32
2012-04-09,1997.08,12.55,1.3
2012-04-10,1994.41,12.53,1.3
2012-04-12,1986.63,12.47,1.3
2012-04-13,2008.91,12.61,1.31
2012-04-16,1992.63,12.51,1.3
2012-04-17,1985.3,12.47,1.3
2012-04-18,2004.53,12.35,1.31
2012-04-19,1999.86,12.32,1.3
2012-04-20,1974.65,12.16,1.29
2012-04-23,1972.63,12.15,1.29
2012-04-24,1963.42,12.83,1.23
2012-04-25,1961.98,12.82,1.23
2012-04-26,1964.04,12.83,1.23
2012-04-27,1975.35,12.91,1.24
2012-04-30,1981.99,12.95,1.25
2012-05-02,1999.07,13.05,1.26
2012-05-03,1995.11,13.02,1.25
2012-05-04,1989.15,12.98,1.25
2012-05-07,1956.44,12.76,1.23
2012-05-08,1967.01,12.83,1.24
2012-05-09,1950.29,12.72,1.23
2012-05-10,1944.93,12.69,1.22
2012-05-11,1917.13,12.51,1.2
2012-05-14,1913.73,12.49,1.2
2012-05-15,1898.96,12.4,1.19
2012-05-16,1840.53,12.01,1.16
2012-05-17,1845.24,12.04,1.16
2012-05-18,1782.46,11.63,1.12
2012-05-21,1799.13,11.75,1.13
2012-05-22,1828.69,11.94,1.15
2012-05-23,1808.62,11.81,1.14
2012-05-24,1814.47,11.85,1.14
2012-05-25,1824.17,11.91,1.15
2012-05-29,1849.91,12.07,1.16
2012-05-30,1844.86,12.03,1.16
2012-05-31,1843.47,12.02,1.16
2012-06-01,1834.51,11.97,1.15
2012-06-04,1783.13,11.63,1.12
2012-06-05,1801.85,11.76,1.13
2012-06-07,1847.95,12.06,1.16
2012-06-08,1835.64,11.98,1.15
2012-06-11,1867.04,12.19,1.17
2012-06-12,1854.74,12.1,1.17
2012-06-13,1859.32,12.14,1.17
2012-06-14,1871.48,12.21,1.18
2012-06-15,1858.16,12.12,1.17
2012-06-18,1891.71,12.35,1.19
2012-06-19,1891.77,12.35,1.19
2012-06-20,1904.12,12.43,1.2
2012-06-21,1889.15,12.34,1.19
2012-06-22,1847.39,12.06,1.16
2012-06-25,1825.38,11.91,1.15
2012-06-26,1817.81,11.87,1.14
2012-06-27,1817.65,11.87,1.14
2012-06-28,1819.18,11.88,1.14
2012-06-29,1854.01,12.1,1.17
2012-07-02,1851.65,12.09,1.16
2012-07-03,1867.82,12.19,1.17
2012-07-04,1874.45,12.24,1.18
2012-07-05,1875.49,12.24,1.18
2012-07-06,1858.2,12.13,1.17
2012-07-09,1836.13,11.98,1.15
2012-07-10,1829.45,11.94,1.15
2012-07-11,1826.39,11.92,1.15
2012-07-12,1785.39,11.65,1.12
2012-07-13,1812.89,11.83,1.14
2012-07-16,1817.79,11.79,1.14
2012-07-17,1821.96,11.8,1.15
2012-07-18,1794.91,11.62,1.13
2012-07-19,1822.96,11.81,1.15
2012-07-20,1822.93,11.81,1.15
2012-07-23,1789.44,11.59,1.13
2012-07-24,1793.93,11.62,1.13
2012-07-25,1769.31,11.46,1.11
2012-07-26,1782.47,11.55,1.12
2012-07-27,1829.16,11.85,1.15
2012-07-30,1843.79,11.94,1.16
2012-07-31,1881.99,12.19,1.18
2012-08-01,1879.93,12.17,1.18
2012-08-02,1869.4,11.98,1.18
2012-08-03,1848.68,11.85,1.16
2012-08-06,1885.88,12.09,1.19
2012-08-07,1886.8,12.1,1.19
2012-08-08,1903.23,12.2,1.2
2012-08-09,1940.59,12.52,1.21
2012-08-10,1946.4,12.55,1.22
2012-08-13,1932.44,12.46,1.21
2012-08-14,1956.96,12.62,1.22
2012-08-16,1957.91,12.63,1.22
2012-08-17,1946.54,12.56,1.22
2012-08-20,1946.31,12.55,1.22
2012-08-21,1943.22,12.53,1.22
2012-08-22,1935.19,12.48,1.21
2012-08-23,1942.54,12.53,1.22
2012-08-24,1919.81,12.38,1.2
2012-08-27,1917.87,12.37,1.2
2012-08-28,1916.33,12.36,1.2
2012-08-29,1928.54,12.44,1.21
2012-08-30,1906.38,12.29,1.19
2012-08-31,1905.12,12.28,1.19
2012-09-03,1912.71,12.33,1.2
2012-09-04,1907.13,12.3,1.19
2012-09-05,1874.03,12.08,1.17
2012-09-06,1881.24,12.13,1.18
2012-09-07,1929.58,12.45,1.21
2012-09-10,1924.7,12.43,1.2
2012-09-11,1920.0,12.4,1.2
2012-09-12,1950.03,12.59,1.22
2012-09-13,1950.69,12.59,1.22
2012-09-14,2007.58,12.96,1.26
2012-09-17,2002.35,12.93,1.25
2012-09-18,2004.96,12.95,1.25
2012-09-19,2007.88,12.96,1.26
2012-09-20,1990.33,12.85,1.25
2012-09-21,2002.37,12.93,1.25
2012-09-24,2003.44,12.93,1.25
2012-09-25,1991.41,12.86,1.25
2012-09-26,1980.44,12.79,1.24
2012-09-27,1988.7,12.82,1.24
2012-09-28,1996.21,12.86,1.25
2012-10-02,1996.03,12.86,1.25
2012-10-04,1992.68,12.84,1.25
2012-10-05,1995.17,12.84,1.25
2012-10-08,1981.89,12.73,1.24
2012-10-09,1979.04,12.72,1.24
2012-10-10,1948.22,12.51,1.22
2012-10-11,1933.09,12.42,1.21
2012-10-12,1933.26,12.42,1.21
2012-10-15,1925.59,12.37,1.2
2012-10-16,1941.54,12.48,1.21
2012-10-17,1955.15,12.57,1.22
2012-10-18,1959.12,12.59,1.22
2012-10-19,1943.84,12.49,1.21
2012-10-22,1941.59,12.48,1.21
2012-10-23,1926.81,12.38,1.2
2012-10-24,1913.96,12.3,1.2
2012-10-25,1924.5,12.36,1.2
2012-10-26,1891.43,12.15,1.18
2012-10-29,1891.52,12.15,1.18
2012-10-30,1899.58,12.2,1.19
2012-10-31,1912.06,12.28,1.19
2012-11-01,1898.44,12.21,1.19
2012-11-02,1918.72,12.34,1.2
2012-11-05,1908.22,12.27,1.19
2012-11-06,1928.17,12.4,1.21
2012-11-07,1937.55,12.46,1.21
2012-11-08,1914.41,12.31,1.2
2012-11-09,1904.41,12.31,1.19
2012-11-12,1900.87,12.29,1.19
2012-11-13,1889.7,12.22,1.18
2012-11-14,1894.04,12.25,1.18
2012-11-15,1870.72,12.09,1.17
2012-11-16,1860.83,12.03,1.16
2012-11-19,1878.1,12.15,1.17
2012-11-20,1890.18,12.23,1.18
2012-11-21,1884.04,12.18,1.18
2012-11-22,1899.5,12.29,1.19
2012-11-23,1911.33,12.36,1.2
2012-11-26,1908.51,12.34,1.19
2012-11-27,1925.2,12.45,1.2
2012-11-28,1912.78,12.37,1.2
2012-11-29,1934.85,12.51,1.21
2012-11-30,1932.9,12.5,1.21
2012-12-03,1940.02,12.55,1.21
2012-12-04,1935.18,12.51,1.21
2012-12-05,1947.04,12.59,1.22
2012-12-06,1949.62,12.61,1.22
2012-12-07,1957.45,12.66,1.22
2012-12-10,1957.42,12.67,1.22
2012-12-11,1964.62,12.7,1.23
2012-12-12,1975.44,12.78,1.24
2012-12-13,2002.77,12.96,1.25
2012-12-14,1995.04,12.91,1.25
2012-12-17,1983.07,12.83,1.24
2012-12-18,1993.09,12.9,1.25
2012-12-20,1999.5,12.94,1.25
2012-12-21,1980.42,12.81,1.24
2012-12-24,1981.82,12.82,1.24
2012-12-26,1982.25,12.83,1.24
2012-12-27,1987.35,12.86,1.24
2012-12-28,1997.05,12.92,1.25
2013-01-02,2031.1,13.16,1.27
2013-01-03,2019.41,13.08,1.26
2013-01-04,2011.94,13.03,1.26
2013-01-07,2011.25,13.02,1.26
2013-01-08,1997.94,12.93,1.25
2013-01-09,1991.81,12.89,1.25
2013-01-10,2006.8,12.99,1.25
2013-01-11,1996.67,12.93,1.25
2013-01-14,2007.04,13.0,1.26
2013-01-15,1983.74,12.87,1.24
2013-01-16,1977.45,12.83,1.24
2013-01-17,1974.27,12.81,1.23
2013-01-18,1987.85,12.9,1.24
2013-01-21,1986.86,12.89,1.24
2013-01-22,1996.52,12.95,1.25
2013-01-23,1980.41,12.85,1.24
2013-01-24,1964.48,12.74,1.23
2013-01-25,1946.69,12.63,1.22
2013-01-28,1939.71,12.58,1.21
2013-01-29,1955.96,12.69,1.22
2013-01-30,1964.43,12.74,1.23
2013-01-31,1961.94,12.73,1.23
2013-02-01,1957.79,12.71,1.22
2013-02-04,1953.21,12.68,1.22
2013-02-05,1938.18,12.58,1.21
2013-02-06,1936.19,12.57,1.21
2013-02-07,1931.77,12.62,1.21
2013-02-08,1950.9,12.74,1.22
2013-02-12,1945.79,12.71,1.22
2013-02-13,1976.07,12.91,1.23
2013-02-14,1979.61,12.93,1.24
2013-02-15,1981.18,12.94,1.24
2013-02-18,1981.91,12.94,1.24
2013-02-19,1985.83,13.02,1.24
2013-02-20,2024.64,13.28,1.26
2013-02-21,2015.22,13.22,1.26
2013-02-22,2018.89,13.24,1.26
2013-02-25,2009.52,13.18,1.25
2013-02-26,2000.01,13.12,1.25
2013-02-27,2004.04,13.14,1.25
2013-02-28,2026.49,13.29,1.26
2013-03-04,2013.15,13.2,1.26
2013-03-05,2016.61,13.23,1.26
2013-03-06,2020.74,13.26,1.26
2013-03-07,2004.4,13.15,1.25
2013-03-08,2006.01,13.16,1.25
2013-03-11,2003.35,13.14,1.25
2013-03-12,1993.34,13.08,1.24
2013-03-13,1999.73,13.12,1.25
2013-03-14,2002.13,13.13,1.25
2013-03-15,1986.5,13.03,1.24
2013-03-18,1968.18,12.91,1.23
2013-03-19,1978.56,12.97,1.23
2013-03-20,1959.41,12.84,1.22
2013-03-21,1950.82,12.79,1.22
2013-03-22,1948.71,12.77,1.22
2013-03-25,1977.67,12.96,1.23
2013-03-26,1983.7,13.0,1.24
2013-03-27,1993.44,13.07,1.24
2013-03-28,1993.52,13.07,1.24
2013-03-29,2004.89,13.14,1.25
2013-04-01,1995.99,13.09,1.25
2013-04-02,1986.15,13.04,1.24
2013-04-03,1983.22,13.02,1.24
2013-04-04,1959.45,12.86,1.22
2013-04-05,1927.23,12.65,1.2
2013-04-08,1918.69,12.36,1.2
2013-04-09,1920.74,12.37,1.2
2013-04-10,1935.58,12.46,1.21
2013-04-11,1949.8,12.55,1.22
2013-04-12,1924.23,12.39,1.2
2013-04-15,1920.45,12.36,1.2
2013-04-16,1922.21,12.38,1.2
2013-04-17,1923.84,12.38,1.2
2013-04-18,1900.06,12.23,1.18
2013-04-19,1906.75,12.27,1.19
2013-04-22,1926.31,12.4,1.2
2013-04-23,1918.63,12.35,1.2
2013-04-24,1935.31,12.46,1.21
2013-04-25,1951.6,12.57,1.22
2013-04-26,1944.56,12.69,1.22
2013-04-29,1940.7,12.67,1.22
2013-04-30,1963.95,13.81,1.17
2013-05-02,1957.21,13.75,1.16
2013-05-03,1965.71,13.81,1.17
2013-05-06,1961.48,13.78,1.16
2013-05-07,1954.35,13.73,1.16
2013-05-08,1956.45,13.78,1.16
2013-05-09,1979.45,13.94,1.18
2013-05-10,1944.75,13.7,1.15
2013-05-13,1948.7,13.72,1.16
2013-05-14,1968.83,13.88,1.17
2013-05-15,1971.26,13.9,1.17
2013-05-16,1986.81,14.01,1.18
2013-05-20,1982.43,13.97,1.18
2013-05-21,1981.09,13.96,1.18
2013-05-22,1993.83,14.05,1.18
2013-05-23,1969.19,13.88,1.17
2013-05-24,1973.45,13.91,1.17
2013-05-27,1979.97,13.95,1.17
2013-05-28,1986.22,14.0,1.18
2013-05-29,2001.2,14.1,1.19
2013-05-30,2000.1,14.09,1.19
2013-05-31,2001.05,14.1,1.19
2013-06-03,1989.57,14.02,1.18
2013-06-04,1989.51,14.02,1.18
2013-06-05,1959.19,13.8,1.16
2013-06-07,1923.85,13.56,1.14
2013-06-10,1932.7,13.53,1.15
2013-06-11,1920.68,13.45,1.14
2013-06-12,1909.91,13.37,1.13
2013-06-13,1882.73,13.18,1.12
2013-06-14,1889.24,13.23,1.12
2013-06-17,1883.1,13.19,1.12
2013-06-18,1900.62,13.31,1.13
2013-06-19,1888.31,13.23,1.12
2013-06-20,1850.49,12.97,1.1
2013-06-21,1822.83,12.77,1.08
2013-06-24,1799.01,12.6,1.07
2013-06-25,1780.63,12.48,1.06
2013-06-26,1783.45,12.49,1.06
2013-06-27,1834.7,12.85,1.09
2013-06-28,1863.32,13.05,1.11
2013-07-01,1855.73,12.99,1.1
2013-07-02,1855.02,12.99,1.1
2013-07-03,1824.66,12.77,1.08
2013-07-04,1839.14,12.88,1.09
2013-07-05,1833.31,12.83,1.09
2013-07-08,1816.85,12.72,1.08
2013-07-09,1830.35,12.81,1.09
2013-07-10,1824.16,12.77,1.08
2013-07-11,1877.6,13.15,1.12
2013-07-12,1869.98,13.09,1.11
2013-07-15,1875.16,13.13,1.11
2013-07-16,1866.36,13.07,1.11
2013-07-17,1887.49,13.22,1.12
2013-07-18,1875.48,12.83,1.11
2013-07-19,1871.41,12.8,1.11
2013-07-22,1880.35,12.86,1.12
2013-07-23,1904.15,13.03,1.13
2013-07-24,1912.08,13.08,1.14
2013-07-25,1909.61,13.07,1.13
2013-07-26,1910.81,13.07,1.14
2013-07-29,1899.89,13.0,1.13
2013-07-30,1917.05,13.12,1.14
2013-07-31,1914.03,13.2,1.13
2013-08-01,1920.74,13.25,1.13
2013-08-02,1923.38,13.27,1.13
2013-08-05,1916.22,13.22,1.13
2013-08-06,1906.62,13.15,1.12
2013-08-07,1878.33,12.96,1.11
2013-08-08,1883.97,13.0,1.11
2013-08-09,1880.71,12.97,1.11
2013-08-12,1884.83,13.0,1.11
2013-08-13,1913.03,13.2,1.13
2013-08-14,1923.91,13.27,1.13
2013-08-16,1920.11,13.14,1.13
2013-08-19,1917.64,13.12,1.13
2013-08-20,1887.85,12.92,1.11
2013-08-21,1867.46,12.78,1.1
2013-08-22,1849.12,12.65,1.09
2013-08-23,1870.16,12.79,1.1
2013-08-26,1887.86,12.92,1.11
2013-08-27,1885.84,12.91,1.11
2013-08-28,1884.52,12.9,1.11
2013-08-29,1907.54,13.06,1.13
2013-08-30,1926.36,13.16,1.14
2013-09-02,1924.81,13.14,1.14
2013-09-03,1933.74,13.2,1.14
2013-09-04,1933.03,13.2,1.14
2013-09-05,1951.65,13.32,1.15
2013-09-06,1955.31,13.35,1.16
2013-09-09,1974.67,13.57,1.17
2013-09-10,1994.06,13.7,1.18
2013-09-11,2003.85,13.77,1.18
2013-09-12,2004.06,13.77,1.18
2013-09-13,1994.32,13.71,1.18
2013-09-16,2013.37,13.85,1.19
2013-09-17,2005.58,13.81,1.19
2013-09-23,2009.41,13.85,1.19
2013-09-24,2007.1,13.83,1.19
2013-09-25,1998.06,13.77,1.18
2013-09-26,2007.32,13.84,1.19
2013-09-27,2011.8,13.86,1.19
2013-09-30,1996.96,13.76,1.18
2013-10-01,1998.87,13.76,1.18
2013-10-02,1999.47,13.76,1.18
2013-10-04,1996.98,13.75,1.18
2013-10-07,1994.42,13.73,1.18
2013-10-08,2002.76,13.79,1.18
2013-10-10,2001.4,13.78,1.18
2013-10-11,2024.9,13.94,1.2
2013-10-14,2020.27,13.91,1.19
2013-10-15,2040.96,14.06,1.21
2013-10-16,2034.61,14.02,1.2
2013-10-17,2040.61,14.07,1.21
2013-10-18,2052.4,14.15,1.21
2013-10-21,2053.01,14.15,1.21
2013-10-22,2056.12,14.17,1.22
2013-10-23,2035.75,14.03,1.2
2013-10-24,2046.69,14.11,1.21
2013-10-25,2034.39,14.02,1.2
2013-10-28,2048.14,14.12,1.21
2013-10-29,2051.76,14.14,1.21
2013-10-30,2059.58,14.2,1.22
2013-10-31,2030.09,14.02,1.2
2013-11-01,2039.42,14.08,1.21
2013-11-04,2025.17,13.99,1.2
2013-11-05,2013.93,13.91,1.19
2013-11-06,2013.67,13.9,1.19
2013-11-07,2004.04,13.89,1.19
2013-11-08,1984.87,13.75,1.18
2013-11-11,1977.3,14.17,1.17
2013-11-12,1995.48,14.31,1.18
2013-11-13,1963.56,14.07,1.17
2013-11-14,1967.56,14.62,1.17
2013-11-15,2005.64,14.91,1.19
2013-11-18,2010.81,14.95,1.2
2013-11-19,2031.64,15.11,1.21
2013-11-20,2017.24,15.0,1.2
2013-11-21,1993.78,14.82,1.19
2013-11-22,2006.23,14.92,1.19
2013-11-25,2015.98,14.99,1.2
2013-11-26,2022.64,15.04,1.2
2013-11-27,2028.81,15.08,1.21
2013-11-28,2045.77,15.21,1.22
2013-11-29,2044.87,15.21,1.22
2013-12-02,2030.78,15.1,1.21
2013-12-03,2009.36,14.94,1.19
2013-12-04,1986.8,14.77,1.18
2013-12-05,1984.77,14.76,1.18
2013-12-06,1980.41,14.72,1.18
2013-12-09,2000.38,14.87,1.19
2013-12-10,1993.45,14.82,1.18
2013-12-11,1977.97,14.71,1.18
2013-12-12,1967.93,14.63,1.17
2013-12-13,1962.91,14.59,1.17
2013-12-16,1961.15,14.58,1.17
2013-12-17,1965.74,14.62,1.17
2013-12-18,1974.63,14.69,1.17
2013-12-19,1975.65,14.69,1.17
2013-12-20,1983.35,14.74,1.18
2013-12-23,1996.89,14.84,1.19
2013-12-24,2001.59,14.88,1.19
2013-12-26,1999.3,14.86,1.19
2013-12-27,2002.28,14.88,1.19
2013-12-30,2011.34,14.95,1.2
2014-01-02,1967.19,14.63,1.17
2014-01-03,1946.14,14.47,1.16
2014-01-06,1953.28,14.53,1.16
2014-01-07,1959.44,14.57,1.16
2014-01-08,1958.96,14.56,1.16
2014-01-09,1946.11,14.46,1.16
2014-01-10,1938.54,14.56,1.15
2014-01-13,1948.92,14.64,1.16
2014-01-14,1946.07,14.63,1.16
2014-01-15,1953.28,14.68,1.16
2014-01-16,1957.32,14.74,1.16
2014-01-17,1944.48,14.64,1.15
2014-01-20,1953.78,14.71,1.16
2014-01-21,1963.89,14.79,1.17
2014-01-22,1970.42,14.83,1.17
2014-01-23,1947.59,14.66,1.16
2014-01-24,1940.56,14.58,1.15
2014-01-27,1910.34,14.36,1.13
2014-01-28,1916.93,14.41,1.14
2014-01-29,1941.15,14.6,1.15
2014-02-03,1919.96,14.44,1.14
2014-02-04,1886.85,14.19,1.12
2014-02-05,1891.32,14.22,1.12
2014-02-06,1907.89,14.35,1.13
2014-02-07,1922.5,14.46,1.14
2014-02-10,1923.3,14.47,1.14
2014-02-11,1932.06,14.53,1.15
2014-02-12,1935.84,14.56,1.15
2014-02-13,1926.96,14.49,1.14
2014-02-14,1940.28,14.63,1.15
2014-02-17,1946.36,14.68,1.15
2014-02-18,1946.91,14.68,1.15
2014-02-19,1942.93,14.65,1.15
2014-02-20,1930.57,14.56,1.14
2014-02-21,1957.83,14.77,1.16
2014-02-24,1949.05,14.7,1.15
2014-02-25,1964.86,14.82,1.16
2014-02-26,1970.77,14.87,1.17
2014-02-27,1978.43,14.93,1.17
2014-02-28,1979.99,14.94,1.17
2014-03-03,1964.69,14.82,1.16
2014-03-04,1954.11,14.74,1.16
2014-03-05,1971.24,14.87,1.17
2014-03-06,1975.62,14.9,1.17
2014-03-07,1974.68,14.9,1.17
2014-03-10,1954.42,14.75,1.16
2014-03-11,1963.87,14.82,1.16
2014-03-12,1932.54,14.58,1.14
2014-03-13,1934.38,14.59,1.15
2014-03-14,1919.9,14.45,1.14
2014-03-17,1927.53,14.51,1.14
2014-03-18,1940.21,14.61,1.15
2014-03-19,1937.68,14.59,1.15
2014-03-20,1919.52,14.45,1.14
2014-03-21,1934.94,14.56,1.15
2014-03-24,1945.55,14.48,1.16
2014-03-25,1941.25,14.44,1.15
2014-03-26,1964.31,14.62,1.17
2014-03-27,1977.97,14.72,1.18
2014-03-28,1981.0,14.74,1.18
2014-03-31,1985.61,14.78,1.18
2014-04-01,1991.98,14.81,1.18
2014-04-02,1997.25,14.85,1.19
2014-04-03,1993.7,14.82,1.18
2014-04-04,1988.09,14.83,1.18
2014-04-07,1989.7,14.84,1.19
2014-04-08,1993.03,14.86,1.19
2014-04-09,1998.95,14.91,1.19
2014-04-10,2008.61,15.02,1.2
2014-04-11,1997.44,14.92,1.19
2014-04-14,1997.02,14.92,1.19
2014-04-15,1992.27,14.88,1.19
2014-04-16,1992.21,14.89,1.19
2014-04-17,1992.05,14.89,1.19
2014-04-18,2004.28,14.98,1.19
2014-04-21,1999.22,14.94,1.19
2014-04-22,2004.22,14.98,1.19
2014-04-23,2000.37,14.95,1.19
2014-04-24,1998.34,14.94,1.19
2014-04-25,1971.66,14.74,1.17
2014-04-28,1969.26,14.72,1.17
2014-04-29,1964.77,14.68,1.17
2014-04-30,1961.79,15.03,1.11
2014-05-02,1959.44,15.02,1.11
2014-05-07,1939.88,14.87,1.1
2014-05-08,1950.6,14.95,1.1
2014-05-09,1956.55,15.2,1.11
2014-05-12,1964.94,15.27,1.12
2014-05-13,1982.93,15.42,1.13
2014-05-14,2010.83,15.64,1.14
2014-05-15,2010.2,15.64,1.14
2014-05-16,2013.44,15.69,1.14
2014-05-19,2015.14,15.7,1.15
2014-05-20,2011.26,15.68,1.14
2014-05-21,2008.33,15.66,1.14
2014-05-22,2015.59,15.71,1.15
2014-05-23,2017.17,15.69,1.15
2014-05-26,2010.35,15.64,1.15
2014-05-27,1997.63,15.54,1.14
2014-05-28,2017.06,15.69,1.15
2014-05-29,2012.26,15.65,1.15
2014-05-30,1994.96,15.51,1.14
2014-06-02,2002.0,15.57,1.14
2014-06-03,2008.56,15.62,1.15
2014-06-05,1995.48,15.52,1.14
2014-06-09,1990.04,15.48,1.13
2014-06-10,2011.8,15.65,1.15
2014-06-11,2014.67,15.67,1.15
2014-06-12,2011.65,15.64,1.15
2014-06-13,1990.85,15.48,1.14
2014-06-16,1993.59,15.51,1.14
2014-06-17,2001.55,15.57,1.14
2014-06-18,1989.49,15.47,1.13
2014-06-19,1992.03,15.5,1.14
2014-06-20,1968.07,15.36,1.12
2014-06-23,1974.92,15.37,1.13
2014-06-24,1994.35,15.52,1.14
2014-06-25,1981.77,15.57,1.13
2014-06-26,1995.05,15.68,1.14
2014-06-27,1988.51,15.63,1.13
2014-06-30,2002.21,15.74,1.14
2014-07-01,1999.0,15.71,1.14
2014-07-02,2015.28,15.85,1.15
2014-07-03,2010.97,15.82,1.15
2014-07-04,2009.66,15.81,1.15
2014-07-07,2005.12,15.77,1.14
2014-07-08,2006.66,15.61,1.14
2014-07-09,2000.5,15.56,1.13
2014-07-10,2002.84,15.58,1.14
2014-07-11,1988.74,15.47,1.13
2014-07-14,1993.88,15.51,1.13
2014-07-15,2012.72,15.7,1.14
2014-07-16,2013.48,15.71,1.14
2014-07-17,2020.9,15.76,1.15
2014-07-18,2019.42,15.75,1.14
2014-07-21,2018.5,15.75,1.14
2014-07-22,2028.93,15.83,1.15
2014-07-23,2028.32,15.82,1.15
2014-07-24,2026.62,15.81,1.15
2014-07-25,2033.85,15.86,1.15
2014-07-28,2048.81,15.98,1.16
2014-07-29,2061.97,16.09,1.17
2014-07-30,2082.61,16.25,1.18
2014-07-31,2076.12,16.2,1.18
2014-08-01,2073.1,16.17,1.17
2014-08-04,2080.42,16.23,1.18
2014-08-05,2066.26,16.12,1.17
2014-08-06,2060.73,16.08,1.17
2014-08-07,2054.51,16.04,1.17
2014-08-08,2031.1,15.86,1.15
2014-08-11,2039.37,15.93,1.16
2014-08-12,2041.47,15.94,1.16
2014-08-13,2062.36,16.1,1.17
2014-08-14,2063.22,16.15,1.17
2014-08-18,2053.13,16.05,1.16
2014-08-19,2071.14,16.19,1.17
2014-08-20,2072.78,16.21,1.18
2014-08-21,2044.21,15.98,1.16
2014-08-22,2056.7,16.08,1.17
2014-08-25,2060.89,16.11,1.17
2014-08-26,2068.05,16.17,1.17
2014-08-27,2074.93,16.22,1.18
2014-08-28,2075.76,16.23,1.18
2014-08-29,2068.54,16.18,1.17
2014-09-01,2067.86,16.17,1.17
2014-09-02,2051.58,16.05,1.16
2014-09-03,2051.2,16.04,1.16
2014-09-04,2056.26,16.08,1.17
2014-09-05,2049.41,16.03,1.16
2014-09-11,2034.16,15.91,1.15
2014-09-12,2041.86,15.97,1.16
2014-09-15,2035.82,15.92,1.15
2014-09-16,2042.92,15.98,1.16
2014-09-17,2062.61,16.13,1.17
2014-09-18,2047.74,16.02,1.16
2014-09-19,2053.82,16.06,1.17
2014-09-22,2039.27,15.95,1.16
2014-09-23,2028.91,15.87,1.15
2014-09-24,2035.64,15.92,1.15
2014-09-25,2034.11,15.91,1.15
2014-09-26,2031.64,15.89,1.15
2014-09-29,2026.6,15.85,1.15
2014-09-30,2020.09,15.8,1.15
2014-10-01,1991.54,15.58,1.13
2014-10-02,1976.16,15.46,1.12
2014-10-06,1968.39,15.39,1.12
2014-10-07,1972.91,15.42,1.12
2014-10-08,1965.25,15.36,1.11
2014-10-10,1940.92,15.17,1.1
2014-10-13,1927.21,15.07,1.09
2014-10-14,1929.25,15.09,1.09
2014-10-15,1925.91,15.06,1.09
2014-10-16,1918.83,15.0,1.09
2014-10-17,1900.66,14.86,1.08
2014-10-20,1930.06,15.09,1.09
2014-10-21,1915.28,14.97,1.09
2014-10-22,1936.97,15.15,1.1
2014-10-23,1931.65,15.11,1.09
2014-10-24,1925.69,15.06,1.09
2014-10-27,1931.97,15.11,1.1
2014-10-28,1925.68,15.06,1.09
2014-10-29,1961.17,15.34,1.11
2014-10-30,1958.93,15.32,1.11
2014-10-31,1964.43,15.37,1.11
2014-11-03,1952.97,15.28,1.11
2014-11-04,1935.19,15.14,1.1
2014-11-05,1931.43,15.11,1.1
2014-11-06,1936.48,15.15,1.1
2014-11-07,1939.87,15.18,1.1
2014-11-10,1958.23,15.33,1.11
2014-11-11,1963.0,15.36,1.11
2014-11-12,1967.27,15.4,1.12
2014-11-13,1960.51,15.35,1.11
2014-11-14,1945.14,15.22,1.1
2014-11-17,1943.63,15.49,1.12
2014-11-18,1967.01,15.68,1.14
2014-11-19,1966.87,15.47,1.15
2014-11-20,1958.04,15.45,1.13
2014-11-21,1964.84,15.51,1.13
2014-11-24,1978.54,15.62,1.14
2014-11-25,1980.21,15.63,1.14
2014-11-26,1980.84,15.64,1.14
2014-11-27,1982.09,15.65,1.14
2014-11-28,1980.78,15.63,1.14
2014-12-01,1965.22,15.51,1.13
2014-12-02,1965.83,15.52,1.13
2014-12-03,1969.91,15.55,1.13
2014-12-04,1986.61,15.68,1.14
2014-12-05,1986.62,15.68,1.14
2014-12-08,1978.95,15.62,1.14
2014-12-09,1970.95,15.56,1.13
2014-12-10,1945.56,15.35,1.12
2014-12-11,1916.59,15.12,1.1
2014-12-12,1921.71,15.17,1.11
2014-12-15,1920.36,15.15,1.1
2014-12-16,1904.13,15.03,1.09
2014-12-17,1900.16,15.0,1.09
2014-12-18,1897.5,14.98,1.09
2014-12-19,1929.98,15.44,1.12
2014-12-22,1943.12,15.54,1.13
2014-12-23,1939.02,15.51,1.13
2014-12-24,1946.61,15.57,1.13
2014-12-26,1948.16,15.58,1.13
2014-12-29,1927.86,15.42,1.12
2014-12-30,1915.59,15.32,1.11
2015-01-02,1926.44,15.35,1.12
2015-01-05,1915.75,15.26,1.11
2015-01-06,1882.45,15.0,1.09
2015-01-07,1883.83,15.05,1.09
2015-01-08,1904.65,15.22,1.11
2015-01-09,1924.7,15.59,1.12
2015-01-12,1920.95,15.56,1.12
2015-01-13,1917.14,15.54,1.11
2015-01-14,1913.66,15.51,1.11
2015-01-15,1914.14,15.52,1.11
2015-01-16,1888.13,15.31,1.1
2015-01-19,1902.62,15.42,1.1
2015-01-20,1918.31,15.56,1.11
2015-01-21,1921.23,15.58,1.12
2015-01-22,1920.82,15.58,1.12
2015-01-23,1936.09,15.71,1.12
2015-01-26,1935.68,15.73,1.12
2015-01-27,1952.4,15.86,1.13
2015-01-28,1961.58,15.94,1.14
2015-01-29,1951.02,15.85,1.13
2015-01-30,1949.26,15.84,1.13
2015-02-02,1952.68,15.87,1.13
2015-02-03,1951.96,15.86,1.13
2015-02-04,1962.79,15.95,1.14
2015-02-05,1952.84,15.88,1.13
2015-02-06,1955.52,15.91,1.14
2015-02-09,1947.0,15.84,1.13
2015-02-10,1935.86,15.75,1.12
2015-02-11,1945.7,15.83,1.13
2015-02-12,1941.63,15.8,1.13
2015-02-13,1957.5,15.92,1.14
2015-02-16,1958.23,15.93,1.14
2015-02-17,1961.45,15.96,1.14
2015-02-23,1968.39,16.84,1.14
2015-02-24,1976.12,16.91,1.15
2015-02-25,1990.47,17.03,1.16
2015-02-26,1993.08,17.05,1.16
2015-02-27,1985.8,16.99,1.15
2015-03-02,1996.81,17.09,1.16
2015-03-03,2001.38,17.12,1.16
2015-03-04,1998.29,17.1,1.16
2015-03-05,1998.38,17.11,1.16
2015-03-06,2012.94,17.24,1.17
2015-03-09,1992.82,17.07,1.16
2015-03-10,1984.77,17.0,1.15
2015-03-11,1980.83,16.96,1.15
2015-03-12,1970.59,16.87,1.14
2015-03-13,1985.79,17.73,1.15
2015-03-16,1987.33,17.74,1.15
2015-03-17,2029.91,18.12,1.18
2015-03-18,2028.45,18.11,1.18
2015-03-19,2037.89,18.2,1.18
2015-03-20,2037.24,18.12,1.19
2015-03-23,2036.59,16.98,1.19
2015-03-24,2041.37,17.15,1.19
2015-03-25,2042.81,17.17,1.19
2015-03-26,2022.56,16.99,1.18
2015-03-27,2019.8,16.97,1.18
2015-03-30,2030.04,16.89,1.18
2015-03-31,2041.03,16.98,1.19
2015-04-01,2028.45,16.88,1.18
2015-04-02,2029.07,16.88,1.18
2015-04-03,2045.42,17.03,1.19
2015-04-06,2046.43,17.04,1.19
2015-04-07,2047.03,17.05,1.19
2015-04-08,2059.26,17.15,1.2
2015-04-09,2058.87,17.15,1.2
2015-04-10,2087.76,17.39,1.22
2015-04-13,2098.92,17.48,1.22
2015-04-14,2111.72,17.59,1.23
2015-04-15,2119.96,17.66,1.24
2015-04-16,2139.9,17.83,1.25
2015-04-17,2143.5,17.86,1.25
2015-04-20,2146.71,17.88,1.25
2015-04-21,2144.79,17.88,1.25
2015-04-22,2143.89,17.87,1.25
2015-04-23,2173.41,18.12,1.27
2015-04-24,2159.8,18.01,1.26
2015-04-27,2157.54,17.99,1.26
2015-04-28,2147.67,17.9,1.25
2015-04-29,2142.63,17.86,1.25
2015-04-30,2127.17,17.73,1.24
2015-05-04,2132.23,17.77,1.24
2015-05-06,2104.58,17.14,1.16
2015-05-07,2091.0,17.03,1.15
2015-05-08,2085.52,16.99,1.15
2015-05-11,2097.38,17.09,1.16
2015-05-12,2096.77,17.07,1.15
2015-05-13,2114.16,17.21,1.16
2015-05-14,2120.33,17.26,1.17
2015-05-15,2106.5,17.15,1.16
2015-05-18,2113.72,17.21,1.16
2015-05-19,2120.85,17.27,1.17
2015-05-20,2139.54,17.42,1.18
2015-05-21,2122.81,17.29,1.17
2015-05-22,2146.1,17.48,1.18
2015-05-26,2143.5,17.46,1.18
2015-05-27,2107.5,17.16,1.16
2015-05-28,2110.89,17.19,1.16
2015-05-29,2114.8,17.23,1.17
2015-06-01,2102.37,17.12,1.16
2015-06-02,2078.64,16.93,1.15
2015-06-03,2063.16,16.81,1.14
2015-06-04,2072.86,16.88,1.14
2015-06-05,2068.1,16.85,1.14
2015-06-08,2065.19,16.82,1.14
2015-06-09,2064.03,16.82,1.14
2015-06-10,2051.32,16.71,1.13
2015-06-11,2056.61,16.75,1.13
2015-06-12,2052.17,16.72,1.13
2015-06-15,2042.32,16.64,1.13
2015-06-16,2028.72,16.53,1.12
2015-06-17,2034.86,16.58,1.12
2015-06-18,2041.88,16.64,1.13
2015-06-19,2046.96,16.67,1.13
2015-06-22,2055.16,16.74,1.13
2015-06-23,2081.2,16.94,1.15
2015-06-24,2085.53,16.98,1.15
2015-06-25,2085.06,16.97,1.15
2015-06-26,2090.26,17.02,1.15
2015-06-29,2060.49,16.77,1.14
2015-06-30,2074.2,16.87,1.14
2015-07-01,2097.89,17.07,1.16
2015-07-02,2107.33,17.15,1.16
2015-07-03,2104.41,17.13,1.16
2015-07-06,2053.93,16.71,1.13
2015-07-07,2040.29,16.6,1.13
2015-07-08,2016.21,16.4,1.11
2015-07-09,2027.81,16.48,1.12
2015-07-10,2031.17,16.52,1.12
2015-07-13,2061.52,16.78,1.14
2015-07-14,2059.23,16.76,1.14
2015-07-15,2072.91,16.88,1.14
2015-07-16,2087.89,17.0,1.15
2015-07-17,2076.79,16.91,1.15
2015-07-20,2073.31,16.88,1.14
2015-07-21,2083.62,16.96,1.15
2015-07-22,2064.73,16.81,1.14
2015-07-23,2065.07,16.81,1.14
2015-07-24,2045.96,16.66,1.13
2015-07-27,2038.81,16.6,1.13
2015-07-28,2039.1,16.6,1.13
2015-07-29,2037.62,16.59,1.12
2015-07-30,2019.03,16.44,1.11
2015-07-31,2030.16,15.84,1.12
2015-08-03,2008.49,15.5,1.11
2015-08-04,2027.99,15.65,1.12
2015-08-05,2029.76,15.66,1.12
2015-08-06,2013.29,15.53,1.12
2015-08-07,2010.23,15.51,1.11
2015-08-10,2003.17,15.45,1.11
2015-08-11,1986.65,15.33,1.1
2015-08-12,1975.47,15.24,1.09
2015-08-13,1983.46,15.3,1.1
2015-08-17,1968.52,15.18,1.09
2015-08-18,1956.26,15.04,1.08
2015-08-19,1939.38,14.91,1.08
2015-08-20,1914.55,14.72,1.06
2015-08-21,1876.07,14.42,1.04
2015-08-24,1829.81,14.06,1.01
2015-08-25,1846.63,14.19,1.02
2015-08-26,1894.09,14.56,1.05
2015-08-27,1908.0,14.67,1.06
2015-08-28,1937.67,14.9,1.07
2015-08-31,1941.49,14.93,1.08
2015-09-01,1914.23,14.75,1.07
2015-09-02,1915.22,14.76,1.07
2015-09-03,1915.53,14.76,1.07
2015-09-04,1886.04,14.54,1.06
2015-09-07,1883.22,14.51,1.06
2015-09-08,1878.68,14.48,1.05
2015-09-09,1934.2,14.91,1.09
2015-09-10,1962.11,15.12,1.1
2015-09-11,1941.37,14.96,1.09
2015-09-14,1931.46,14.88,1.08
2015-09-15,1937.56,14.93,1.09
2015-09-16,1975.45,15.23,1.11
2015-09-17,1976.49,15.24,1.11
2015-09-18,1995.95,15.39,1.12
2015-09-21,1964.68,15.15,1.1
2015-09-22,1982.06,15.28,1.11
2015-09-23,1944.64,14.99,1.09
2015-09-24,1947.1,15.0,1.09
2015-09-25,1942.85,14.97,1.09
2015-09-30,1962.81,15.12,1.1
2015-10-01,1979.32,15.25,1.11
2015-10-02,1969.68,15.17,1.1
2015-10-05,1978.25,15.25,1.11
2015-10-06,1990.65,15.35,1.12
2015-10-07,2005.84,15.46,1.13
2015-10-08,2019.53,15.57,1.13
2015-10-12,2021.63,15.59,1.13
2015-10-13,2019.05,15.57,1.13
2015-10-14,2009.55,15.49,1.13
2015-10-15,2033.27,15.68,1.14
2015-10-16,2030.26,15.66,1.14
2015-10-19,2030.27,15.66,1.14
2015-10-20,2039.36,15.73,1.14
2015-10-21,2042.98,15.75,1.15
2015-10-22,2023.0,15.6,1.14
2015-10-23,2040.4,15.73,1.14
2015-10-26,2048.08,15.79,1.15
2015-10-27,2044.65,15.76,1.15
2015-10-28,2042.51,15.75,1.15
2015-10-29,2034.16,15.68,1.14
2015-10-30,2029.47,15.65,1.14
2015-11-02,2035.24,15.7,1.14
2015-11-03,2048.4,15.79,1.15
2015-11-04,2052.77,15.83,1.15
2015-11-05,2049.41,15.8,1.15
2015-11-06,2041.07,15.74,1.15
2015-11-09,2025.7,15.62,1.14
2015-11-10,1996.59,15.4,1.12
2015-11-11,1997.27,15.4,1.12
2015-11-12,1993.36,15.37,1.12
2015-11-13,1973.29,15.21,1.11
2015-11-16,1943.02,14.97,1.09
2015-11-17,1963.58,15.13,1.1
2015-11-18,1962.88,15.13,1.1
2015-11-19,1988.91,15.33,1.12
2015-11-20,1989.86,15.34,1.12
2015-11-23,2003.7,15.45,1.12
2015-11-24,2016.29,15.55,1.13
2015-11-25,2009.42,15.49,1.13
2015-11-26,2030.68,15.66,1.14
2015-11-27,2028.99,15.64,1.14
2015-11-30,1991.97,15.36,1.12
2015-12-01,2023.93,15.57,1.14
2015-12-02,2009.29,15.46,1.13
2015-12-03,1994.07,15.34,1.12
2015-12-04,1974.4,15.15,1.11
2015-12-07,1963.67,15.07,1.1
2015-12-08,1949.04,14.96,1.09
2015-12-09,1948.24,14.97,1.09
2015-12-10,1952.07,15.0,1.1
2015-12-11,1948.62,14.97,1.09
2015-12-14,1927.82,14.81,1.08
2015-12-15,1932.97,14.85,1.09
2015-12-16,1969.4,15.13,1.11
2015-12-17,1977.96,15.2,1.11
2015-12-18,1975.32,15.18,1.11
2015-12-21,1981.19,15.22,1.11
2015-12-22,1992.56,15.31,1.12
2015-12-23,1999.22,15.36,1.12
2015-12-24,1990.65,15.3,1.12
2015-12-28,1964.06,15.09,1.1
2015-12-29,1966.31,15.11,1.1
2015-12-30,1961.31,15.07,1.1
2016-01-04,1918.76,14.74,1.08
2016-01-05,1930.53,14.83,1.08
2016-01-06,1925.43,14.79,1.08
2016-01-07,1904.33,14.63,1.07
2016-01-08,1917.62,14.73,1.08
2016-01-11,1894.84,14.55,1.06
2016-01-12,1890.86,14.52,1.06
2016-01-13,1916.28,14.72,1.07
2016-01-14,1900.01,14.59,1.07
2016-01-15,1878.87,14.43,1.05
2016-01-18,1878.45,14.43,1.05
2016-01-19,1889.64,14.51,1.06
2016-01-20,1845.45,14.17,1.03
2016-01-21,1840.53,14.13,1.03
2016-01-22,1879.43,14.42,1.05
2016-01-25,1893.43,14.53,1.06
2016-01-26,1871.69,14.36,1.05
2016-01-27,1897.87,14.56,1.06
2016-01-28,1906.94,14.63,1.07
2016-01-29,1912.06,14.7,1.07
2016-02-01,1924.82,14.8,1.08
2016-02-02,1906.6,14.66,1.07
2016-02-03,1890.67,14.54,1.06
2016-02-04,1916.26,14.59,1.07
2016-02-05,1917.79,14.75,1.08
2016-02-11,1861.54,15.17,1.05
2016-02-12,1835.28,14.95,1.03
2016-02-15,1862.2,15.18,1.05
2016-02-16,1888.3,15.39,1.06
2016-02-17,1883.94,15.35,1.06
2016-02-18,1908.84,15.56,1.07
2016-02-19,1916.24,15.62,1.08
2016-02-22,1916.36,15.62,1.08
2016-02-23,1914.22,15.6,1.08
2016-02-24,1912.53,15.59,1.08
2016-02-25,1918.57,15.64,1.08
2016-02-26,1920.16,15.66,1.08
2016-02-29,1916.66,15.63,1.08
2016-03-02,1947.42,15.88,1.1
2016-03-03,1958.17,15.97,1.1
2016-03-04,1955.63,15.95,1.1
2016-03-07,1957.87,15.83,1.1
2016-03-08,1946.12,15.73,1.1
2016-03-09,1952.95,15.79,1.1
2016-03-10,1969.33,15.92,1.11
2016-03-11,1971.41,15.93,1.11
2016-03-14,1972.27,15.94,1.11
2016-03-15,1969.97,15.91,1.11
2016-03-16,1974.9,15.95,1.11
2016-03-17,1987.99,16.05,1.12
2016-03-18,1992.12,16.19,1.12
2016-03-21,1989.76,16.15,1.12
2016-03-22,1996.81,16.21,1.12
2016-03-23,1995.12,16.19,1.12
2016-03-24,1985.97,16.12,1.12
2016-03-25,1983.81,16.1,1.12
2016-03-28,1982.54,16.09,1.12
2016-03-29,1994.91,16.19,1.12
2016-03-30,2002.14,16.26,1.13
2016-03-31,1995.85,16.2,1.12
2016-04-01,1973.57,16.02,1.11
2016-04-04,1978.97,16.06,1.11
2016-04-05,1962.74,15.93,1.11
2016-04-06,1971.32,16.0,1.11
2016-04-07,1973.89,16.02,1.11
2016-04-08,1972.05,16.01,1.11
2016-04-11,1970.37,16.0,1.11
2016-04-12,1981.32,16.09,1.12
2016-04-14,2015.93,16.39,1.14
2016-04-15,2014.71,16.38,1.14
2016-04-18,2009.1,16.34,1.13
2016-04-19,2011.36,16.35,1.13
2016-04-20,2005.83,16.31,1.13
2016-04-21,2022.1,16.45,1.14
2016-04-22,2015.49,16.39,1.14
2016-04-25,2014.55,16.38,1.13
2016-04-26,2019.63,16.42,1.14
2016-04-27,2015.4,16.38,1.14
2016-04-28,2000.93,16.26,1.13
2016-04-29,1994.15,16.21,1.12
2016-05-02,1978.15,13.86,1.04
2016-05-03,1986.41,13.92,1.05
2016-05-04,1976.71,13.85,1.04
2016-05-09,1967.81,13.79,1.04
2016-05-10,1982.5,13.89,1.05
2016-05-11,1980.1,13.87,1.04
2016-05-12,1977.49,13.86,1.04
2016-05-13,1966.99,13.79,1.04
2016-05-16,1967.91,13.79,1.04
2016-05-17,1968.06,13.8,1.04
2016-05-18,1956.73,13.72,1.03
2016-05-19,1946.78,13.65,1.03
2016-05-20,1947.67,13.66,1.03
2016-05-23,1955.25,13.71,1.03
2016-05-24,1937.68,13.59,1.02
2016-05-25,1960.51,13.75,1.03
2016-05-26,1957.06,13.73,1.03
2016-05-27,1969.17,13.81,1.04
2016-05-30,1967.13,13.8,1.04
2016-05-31,1983.4,13.91,1.05
2016-06-01,1982.72,13.91,1.05
2016-06-02,1985.11,13.92,1.05
2016-06-03,1985.84,13.93,1.05
2016-06-07,2011.63,14.11,1.06
2016-06-08,2027.08,14.22,1.07
2016-06-09,2024.17,14.2,1.07
2016-06-10,2017.63,14.15,1.06
2016-06-13,1979.06,13.88,1.04
2016-06-14,1972.03,13.83,1.04
2016-06-15,1968.83,13.81,1.04
2016-06-16,1951.99,13.69,1.03
2016-06-17,1953.4,13.7,1.03
2016-06-20,1981.12,13.9,1.05
2016-06-21,1982.7,13.92,1.05
2016-06-22,1992.58,13.99,1.05
2016-06-23,1986.71,13.94,1.05
2016-06-24,1925.24,13.51,1.02
2016-06-27,1926.85,13.52,1.02
2016-06-28,1936.22,13.59,1.02
2016-06-29,1956.36,13.73,1.03
2016-06-30,1970.35,13.83,1.04
2016-07-01,1987.32,13.95,1.05
2016-07-04,1995.3,14.01,1.05
2016-07-05,1989.85,13.97,1.05
2016-07-06,1953.12,13.71,1.03
2016-07-07,1974.08,13.86,1.04
2016-07-08,1963.1,13.78,1.04
2016-07-11,1988.54,13.96,1.05
2016-07-12,1991.23,13.98,1.05
2016-07-13,2005.55,14.08,1.06
2016-07-14,2008.77,14.1,1.06
2016-07-15,2017.26,14.18,1.07
2016-07-18,2021.11,14.21,1.07
2016-07-19,2016.89,14.18,1.07
2016-07-20,2015.46,14.17,1.07
2016-07-21,2012.22,14.15,1.06
2016-07-22,2010.34,14.13,1.06
2016-07-25,2012.32,14.15,1.06
2016-07-26,2027.34,14.25,1.07
2016-07-27,2025.05,14.24,1.07
2016-07-28,2021.1,14.21,1.07
2016-07-29,2016.19,14.19,1.07
2016-08-01,2029.61,14.28,1.07
2016-08-02,2019.03,14.2,1.07
2016-08-03,1994.79,14.03,1.06
2016-08-04,2000.03,14.07,1.06
2016-08-05,2017.94,14.2,1.07
2016-08-08,2031.12,14.29,1.07
2016-08-09,2043.78,14.38,1.08
2016-08-10,2044.64,14.39,1.08
2016-08-11,2048.8,14.42,1.08
2016-08-12,2050.47,14.43,1.09
2016-08-16,2047.76,14.41,1.08
2016-08-17,2043.75,14.38,1.08
2016-08-18,2055.47,14.47,1.09
2016-08-19,2056.24,14.47,1.09
2016-08-22,2042.16,14.37,1.08
2016-08-23,2049.93,14.43,1.08
2016-08-24,2043.76,14.38,1.08
2016-08-25,2042.92,14.38,1.08
2016-08-26,2037.5,14.34,1.08
2016-08-29,2032.35,14.3,1.08
2016-08-30,2039.74,14.36,1.08
2016-08-31,2034.65,14.32,1.08
2016-09-01,2032.72,14.29,1.08
2016-09-02,2038.31,14.33,1.08
2016-09-05,2060.08,14.49,1.09
2016-09-06,2066.53,14.53,1.09
2016-09-07,2061.88,14.5,1.09
2016-09-08,2063.73,14.51,1.09
2016-09-09,2037.87,14.33,1.08
2016-09-12,1991.48,14.01,1.05
2016-09-13,1999.36,14.06,1.06
2016-09-19,2015.78,14.18,1.07
2016-09-20,2025.71,14.25,1.07
2016-09-21,2035.99,14.32,1.08
2016-09-22,2049.7,14.42,1.09
2016-09-23,2054.07,14.46,1.09
2016-09-26,2047.11,14.41,1.08
2016-09-27,2062.82,14.52,1.09
2016-09-28,2053.06,14.45,1.09
2016-09-29,2068.72,14.56,1.1
2016-09-30,2043.63,14.51,1.08
2016-10-04,2054.86,13.33,1.01
2016-10-05,2053.0,13.32,1.01
2016-10-06,2065.3,13.4,1.02
2016-10-07,2053.8,13.33,1.01
2016-10-10,2056.82,13.33,1.01
2016-10-11,2031.93,13.17,1.0
2016-10-12,2033.73,13.18,1.0
2016-10-13,2015.44,13.06,0.99
2016-10-14,2022.66,13.11,0.99
2016-10-17,2027.61,13.15,1.0
2016-10-18,2040.43,13.24,1.01
2016-10-19,2040.94,13.24,1.01
2016-10-20,2040.6,13.24,1.01
2016-10-21,2033.0,13.19,1.0
2016-10-24,2047.74,13.29,1.01
2016-10-25,2037.17,13.22,1.0
2016-10-26,2013.89,13.07,0.99
2016-10-27,2024.12,13.13,1.0
2016-10-28,2019.42,13.1,1.0
2016-10-31,2008.19,13.03,0.99
2016-11-01,2007.39,13.02,0.99
2016-11-02,1978.94,12.84,0.98
2016-11-03,1983.8,12.87,0.98
2016-11-04,1982.02,12.86,0.98
2016-11-07,1997.58,12.96,0.99
2016-11-08,2003.38,13.0,0.99
2016-11-09,1958.38,12.71,0.97
2016-11-10,2002.6,13.0,0.99
2016-11-11,1984.43,12.72,0.98
2016-11-14,1974.4,12.66,0.98
2016-11-15,1967.53,12.61,0.98
2016-11-16,1979.65,12.69,0.98
2016-11-17,1980.55,12.7,0.98
2016-11-18,1974.58,12.66,0.98
2016-11-21,1966.05,12.62,0.98
2016-11-22,1983.47,12.74,0.98
2016-11-23,1987.95,12.77,0.99
2016-11-24,1971.26,12.66,0.98
2016-11-25,1974.46,12.68,0.98
2016-11-28,1978.13,12.7,0.98
2016-11-29,1978.39,12.71,0.98
2016-11-30,1983.48,12.74,0.98
2016-12-01,1983.75,13.59,0.97
2016-12-02,1970.61,13.5,0.97
2016-12-05,1963.36,13.45,0.96
2016-12-06,1989.86,13.63,0.97
2016-12-07,1991.89,13.65,0.98
2016-12-08,2031.07,13.92,1.0
2016-12-09,2024.69,13.87,0.99
2016-12-12,2027.24,13.89,0.99
2016-12-13,2035.98,13.95,1.0
2016-12-14,2036.87,13.96,1.0
2016-12-15,2036.65,13.96,1.0
2016-12-16,2042.24,14.0,1.0
2016-12-19,2038.39,13.97,1.0
2016-12-20,2041.94,13.99,1.0
2016-12-21,2037.96,13.99,1.0
2016-12-22,2035.73,13.98,1.0
2016-12-23,2035.9,13.98,1.0
2016-12-26,2037.75,13.99,1.0
2016-12-27,2042.17,14.03,1.0
2016-12-28,2024.49,13.91,1.0
2016-12-29,2026.46,13.92,1.0
2017-01-02,2026.16,13.92,1.0
2017-01-03,2043.97,14.04,1.01
2017-01-04,2045.64,14.05,1.01
2017-01-05,2041.95,14.03,1.0
2017-01-06,2049.12,14.08,1.01
2017-01-09,2048.78,14.07,1.01
2017-01-10,2045.12,14.05,1.01
2017-01-11,2075.17,14.26,1.02
2017-01-12,2087.14,14.34,1.03
2017-01-13,2076.79,14.27,1.02
2017-01-16,2064.17,14.18,1.01
2017-01-17,2071.87,14.23,1.02
2017-01-18,2070.54,14.22,1.02
2017-01-19,2072.79,14.24,1.02
2017-01-20,2065.61,14.19,1.02
2017-01-23,2065.99,14.2,1.02
2017-01-24,2065.76,14.2,1.02
2017-01-25,2066.94,14.21,1.02
2017-01-26,2083.59,14.32,1.03
2017-01-31,2067.57,14.22,1.02
2017-02-01,2080.48,14.3,1.02
2017-02-02,2071.01,14.24,1.02
2017-02-03,2073.16,14.25,1.02
2017-02-06,2077.66,14.28,1.02
2017-02-07,2075.21,14.27,1.02
2017-02-08,2065.08,14.2,1.02
2017-02-09,2065.88,14.2,1.02
2017-02-10,2075.08,14.26,1.02
2017-02-13,2078.65,14.29,1.02
2017-02-14,2074.57,14.26,1.02
2017-02-15,2083.86,14.33,1.03
2017-02-16,2081.84,14.31,1.02
2017-02-17,2080.58,14.3,1.02
2017-02-20,2084.39,14.33,1.03
2017-02-21,2102.93,14.46,1.04
2017-02-22,2106.61,14.48,1.04
2017-02-23,2107.63,14.49,1.04
2017-02-24,2094.12,14.4,1.03
2017-02-27,2085.52,14.34,1.03
2017-02-28,2091.64,14.38,1.03
2017-03-02,2102.65,14.46,1.04
2017-03-03,2078.75,14.29,1.02
2017-03-06,2081.36,14.31,1.02
2017-03-07,2094.05,14.4,1.03
2017-03-08,2095.41,14.41,1.03
2017-03-09,2091.06,14.38,1.03
2017-03-10,2097.35,14.42,1.03
2017-03-13,2117.59,14.56,1.04
2017-03-14,2133.78,14.67,1.05
2017-03-15,2133.0,14.66,1.05
2017-03-16,2150.08,14.78,1.06
2017-03-17,2164.58,14.91,1.07
2017-03-20,2157.01,14.86,1.06
2017-03-21,2178.38,15.01,1.07
2017-03-22,2168.3,14.94,1.07
2017-03-23,2172.72,14.97,1.07
2017-03-24,2168.95,14.88,1.07
2017-03-27,2155.66,14.79,1.06
2017-03-28,2163.31,14.84,1.07
2017-03-29,2166.98,14.87,1.07
2017-03-30,2164.64,14.76,1.06
2017-03-31,2160.23,14.73,1.06
2017-04-03,2167.51,14.78,1.07
2017-04-04,2161.1,14.73,1.06
2017-04-05,2160.85,14.73,1.06
2017-04-06,2152.75,14.68,1.06
2017-04-07,2151.73,14.67,1.06
2017-04-10,2133.32,14.54,1.05
2017-04-11,2123.85,14.49,1.04
2017-04-12,2128.91,14.52,1.05
2017-04-13,2148.61,14.65,1.06
2017-04-14,2134.88,14.56,1.05
2017-04-17,2145.76,14.63,1.06
2017-04-18,2148.46,14.65,1.06
2017-04-19,2138.4,14.58,1.05
2017-04-20,2149.15,14.66,1.06
2017-04-21,2165.04,14.74,1.06
2017-04-24,2173.74,14.8,1.07
2017-04-25,2196.85,14.96,1.08
2017-04-26,2207.84,15.04,1.08
2017-04-27,2209.46,15.05,1.09
2017-04-28,2205.44,15.02,1.08
2017-05-02,2219.67,14.73,1.06
2017-05-04,2241.24,14.87,1.08
2017-05-08,2292.76,15.22,1.1
2017-05-10,2270.12,15.07,1.09
2017-05-11,2296.37,15.22,1.1
2017-05-12,2286.02,15.14,1.09
2017-05-15,2290.65,15.29,1.11
2017-05-16,2295.33,15.33,1.11
2017-05-17,2293.08,15.31,1.11
2017-05-18,2286.82,15.27,1.1
2017-05-19,2288.48,15.28,1.1
2017-05-22,2304.03,15.38,1.11
2017-05-23,2311.74,15.21,1.1
2017-05-24,2317.34,15.25,1.1
2017-05-25,2342.93,15.41,1.11
2017-05-26,2355.3,15.5,1.12
2017-05-29,2352.97,15.48,1.12
2017-05-30,2343.68,15.42,1.12
2017-05-31,2347.38,15.45,1.12
2017-06-01,2344.61,14.17,1.12
2017-06-02,2371.72,14.33,1.13
2017-06-05,2368.62,14.32,1.13
2017-06-07,2360.14,14.27,1.13
2017-06-08,2363.57,14.28,1.13
2017-06-09,2381.69,14.39,1.14
2017-06-12,2357.87,14.25,1.13
2017-06-13,2374.7,14.35,1.14
2017-06-14,2372.64,14.34,1.13
2017-06-15,2361.65,14.27,1.13
2017-06-16,2361.83,14.27,1.13
2017-06-19,2370.9,14.33,1.13
2017-06-20,2369.23,14.32,1.13
2017-06-21,2357.53,14.25,1.13
2017-06-22,2370.37,14.33,1.13
2017-06-23,2378.6,14.38,1.14
2017-06-26,2388.66,14.44,1.14
2017-06-27,2391.95,14.46,1.14
2017-06-28,2382.56,14.4,1.14
2017-06-29,2395.66,14.48,1.15
2017-06-30,2391.79,14.46,1.14
2017-07-03,2394.48,14.47,1.15
2017-07-04,2380.52,14.39,1.14
2017-07-05,2388.35,14.44,1.14
2017-07-06,2387.81,14.43,1.14
2017-07-07,2379.87,14.38,1.14
2017-07-10,2382.1,14.41,1.14
2017-07-11,2396.0,14.5,1.15
2017-07-12,2391.77,14.47,1.14
2017-07-13,2409.49,14.58,1.15
2017-07-14,2414.63,14.61,1.15
2017-07-17,2425.1,14.67,1.16
2017-07-18,2426.04,14.67,1.16
2017-07-19,2429.94,14.7,1.16
2017-07-20,2441.84,14.77,1.17
2017-07-21,2450.06,14.85,1.17
2017-07-24,2451.53,14.86,1.17
2017-07-25,2439.9,14.79,1.17
2017-07-26,2434.51,14.76,1.16
2017-07-27,2443.24,14.81,1.17
2017-07-28,2400.99,14.55,1.15
2017-07-31,2402.71,14.56,1.15
2017-08-01,2422.96,14.68,1.16
2017-08-02,2427.63,14.69,1.16
2017-08-03,2386.85,14.44,1.14
2017-08-04,2395.45,14.49,1.14
2017-08-07,2398.75,14.51,1.14
2017-08-08,2394.73,14.49,1.14
2017-08-09,2368.39,14.32,1.13
2017-08-10,2359.47,14.27,1.13
2017-08-11,2319.71,14.03,1.11
2017-08-14,2334.22,14.11,1.11
2017-08-16,2348.26,14.2,1.12
2017-08-17,2361.67,14.29,1.13
2017-08-18,2358.37,14.27,1.13
2017-08-21,2355.0,14.25,1.12
2017-08-22,2365.33,14.31,1.13
2017-08-23,2366.4,14.32,1.13
2017-08-24,2375.84,14.38,1.13
2017-08-25,2378.51,14.41,1.14
2017-08-28,2370.3,14.36,1.13
2017-08-29,2364.74,14.33,1.13
2017-08-30,2372.29,14.37,1.13
2017-08-31,2363.19,14.32,1.13
2017-09-01,2357.69,13.27,1.08
2017-09-04,2329.65,13.11,1.07
2017-09-05,2326.62,13.1,1.07
2017-09-06,2319.82,13.06,1.06
2017-09-07,2346.19,13.21,1.08
2017-09-08,2343.72,13.2,1.07
2017-09-11,2359.08,13.29,1.08
2017-09-12,2365.47,13.32,1.08
2017-09-13,2360.18,13.29,1.08
2017-09-14,2377.66,13.39,1.09
2017-09-15,2386.07,13.52,1.1
2017-09-18,2418.21,13.7,1.11
2017-09-19,2416.05,13.69,1.11
2017-09-20,2412.2,13.67,1.11
2017-09-21,2406.5,13.63,1.1
2017-09-22,2388.71,13.53,1.1
2017-09-25,2380.4,13.49,1.09
2017-09-26,2374.32,13.46,1.09
2017-09-27,2372.57,13.45,1.09
2017-09-28,2373.14,13.45,1.09
2017-09-29,2394.47,13.58,1.1
2017-10-10,2433.81,13.8,1.12
2017-10-11,2458.16,13.94,1.13
2017-10-12,2474.76,14.03,1.14
2017-10-13,2473.62,14.05,1.14
2017-10-16,2480.05,14.09,1.14
2017-10-17,2484.37,14.11,1.14
2017-10-18,2482.91,14.11,1.14
2017-10-19,2473.06,14.05,1.14
2017-10-20,2489.54,14.14,1.14
2017-10-23,2490.05,14.15,1.14
2017-10-24,2490.49,14.15,1.14
2017-10-25,2492.5,14.16,1.15
2017-10-26,2480.63,14.09,1.14
2017-10-27,2496.63,14.19,1.15
2017-10-30,2501.93,14.22,1.15
2017-10-31,2523.43,14.34,1.16
2017-11-01,2556.47,14.53,1.18
2017-11-02,2546.36,14.48,1.17
2017-11-03,2557.97,14.53,1.18
2017-11-06,2549.41,14.48,1.17
2017-11-07,2545.44,14.46,1.17
2017-11-08,2552.4,14.5,1.17
2017-11-09,2550.57,14.49,1.17
2017-11-10,2542.95,14.44,1.17
2017-11-13,2530.35,14.37,1.16
2017-11-14,2526.64,14.35,1.16
2017-11-15,2518.25,14.3,1.16
2017-11-16,2534.79,14.4,1.16
2017-11-17,2533.99,14.39,1.16
2017-11-20,2527.67,14.36,1.16
2017-11-21,2530.7,14.38,1.16
2017-11-22,2540.51,14.43,1.17
2017-11-23,2537.15,14.41,1.17
2017-11-24,2544.33,14.45,1.17
2017-11-27,2507.81,14.25,1.15
2017-11-28,2514.19,14.28,1.16
2017-11-29,2512.9,14.28,1.15
2017-11-30,2476.37,14.06,1.14
2017-12-01,2475.41,13.05,1.12
2017-12-04,2501.67,13.18,1.13
2017-12-05,2510.12,13.23,1.13
2017-12-06,2474.37,13.04,1.11
2017-12-07,2461.98,12.98,1.11
2017-12-08,2464.0,13.0,1.11
2017-12-11,2471.49,13.01,1.11
2017-12-12,2461.0,12.95,1.11
2017-12-13,2480.55,13.06,1.12
2017-12-14,2469.48,13.0,1.11
2017-12-15,2482.07,13.06,1.12
2017-12-18,2481.88,13.06,1.12
2017-12-19,2478.53,13.05,1.11
2017-12-20,2472.37,13.01,1.11
2017-12-21,2429.83,12.79,1.09
2017-12-22,2440.54,12.85,1.1
2017-12-26,2427.34,12.78,1.09
2017-12-27,2436.67,12.83,1.1
2017-12-28,2467.49,12.99,1.11
2018-01-02,2479.65,13.06,1.12
2018-01-03,2486.35,13.09,1.12
2018-01-04,2466.46,12.99,1.11
2018-01-05,2497.52,13.15,1.12
2018-01-08,2513.28,13.23,1.13
2018-01-09,2510.23,13.21,1.13
2018-01-10,2499.75,13.15,1.12
2018-01-11,2487.91,13.09,1.12
2018-01-12,2496.42,13.13,1.12
2018-01-15,2503.73,13.16,1.12
2018-01-16,2521.74,13.26,1.13
2018-01-17,2515.43,13.23,1.13
2018-01-18,2515.81,13.23,1.13
2018-01-19,2520.26,13.25,1.13
2018-01-22,2502.11,13.16,1.12
2018-01-23,2536.6,13.34,1.14
2018-01-24,2538.0,13.34,1.14
2018-01-25,2562.23,13.47,1.15
2018-01-26,2574.76,13.53,1.16
2018-01-29,2598.19,13.66,1.17
2018-01-30,2567.74,13.49,1.15
2018-01-31,2566.46,13.5,1.15
2018-02-01,2568.54,13.52,1.15
2018-02-02,2525.39,13.29,1.14
2018-02-05,2491.75,13.12,1.12
2018-02-06,2453.31,12.91,1.1
2018-02-07,2396.56,12.61,1.08
2018-02-08,2407.62,12.66,1.08
2018-02-09,2363.77,12.67,1.08
2018-02-12,2385.38,12.79,1.09
2018-02-13,2395.19,12.84,1.1
2018-02-14,2421.83,12.99,1.11
2018-02-19,2442.82,13.1,1.12
2018-02-20,2415.12,12.95,1.11
2018-02-21,2429.65,13.03,1.11
2018-02-22,2414.28,12.95,1.11
2018-02-23,2451.52,13.15,1.12
2018-02-26,2457.65,13.18,1.13
2018-02-27,2456.14,13.17,1.13
2018-02-28,2427.36,13.02,1.11
2018-03-02,2402.16,12.89,1.1
2018-03-05,2375.06,12.74,1.09
2018-03-06,2411.41,12.94,1.11
2018-03-07,2401.82,12.9,1.1
2018-03-08,2433.08,13.06,1.12
2018-03-09,2459.45,13.21,1.13
2018-03-12,2484.12,13.34,1.14
2018-03-13,2494.49,13.39,1.15
2018-03-14,2486.08,13.35,1.14
2018-03-15,2492.38,13.38,1.14
2018-03-16,2493.97,13.37,1.15
2018-03-19,2475.03,13.27,1.14
2018-03-20,2485.52,13.31,1.14
2018-03-21,2484.97,13.31,1.14
2018-03-22,2496.02,13.37,1.15
2018-03-23,2416.76,12.96,1.11
2018-03-26,2437.08,13.08,1.12
2018-03-27,2452.06,13.16,1.13
2018-03-28,2419.29,12.98,1.11
2018-03-29,2436.37,13.07,1.12
2018-03-30,2445.85,13.1,1.12
2018-04-02,2444.16,13.09,1.12
2018-04-03,2442.43,13.08,1.12
2018-04-04,2408.06,12.9,1.11
2018-04-05,2437.52,13.06,1.12
2018-04-06,2429.58,13.01,1.12
2018-04-09,2444.08,13.09,1.12
2018-04-10,2450.74,13.13,1.12
2018-04-11,2444.22,13.09,1.12
2018-04-12,2442.71,13.08,1.12
2018-04-13,2455.07,13.17,1.13
2018-04-16,2457.49,13.18,1.13
2018-04-17,2453.77,13.16,1.13
2018-04-18,2479.98,13.31,1.14
2018-04-19,2486.1,13.34,1.14
2018-04-20,2476.33,13.29,1.14
2018-04-23,2474.11,13.27,1.14
2018-04-24,2464.14,13.22,1.13
2018-04-25,2448.81,13.14,1.13
2018-04-26,2475.64,13.28,1.14
2018-04-27,2492.4,13.37,1.15
2018-04-30,2515.38,13.5,1.16
2018-05-02,2505.61,12.0,1.14
2018-05-03,2487.25,11.91,1.14
2018-05-04,2461.38,11.79,1.12
2018-05-08,2449.81,11.73,1.12
2018-05-09,2443.98,11.71,1.12
2018-05-10,2464.16,11.8,1.13
2018-05-11,2477.71,11.87,1.13
2018-05-14,2476.11,11.86,1.13
2018-05-15,2458.54,11.78,1.12
2018-05-16,2459.82,11.78,1.12
2018-05-17,2448.45,11.73,1.12
2018-05-18,2460.65,11.79,1.12
2018-05-21,2465.57,11.81,1.13
2018-05-23,2471.91,11.84,1.13
2018-05-24,2466.01,11.81,1.13
2018-05-25,2460.8,11.79,1.12
2018-05-28,2478.96,11.88,1.13
2018-05-29,2457.25,11.77,1.12
2018-05-30,2409.03,11.54,1.1
2018-05-31,2423.01,11.61,1.11
2018-06-01,2438.96,11.69,1.11
2018-06-04,2447.76,11.73,1.12
2018-06-05,2453.76,11.69,1.11
2018-06-07,2470.58,11.77,1.11
2018-06-08,2451.58,11.68,1.11
2018-06-11,2470.15,11.77,1.11
2018-06-12,2468.83,11.74,1.11
2018-06-14,2423.48,11.51,1.09
2018-06-15,2404.04,11.42,1.08
2018-06-18,2376.24,11.29,1.07
2018-06-19,2340.11,11.12,1.05
2018-06-20,2363.91,11.23,1.06
2018-06-21,2337.83,11.11,1.05
2018-06-22,2357.22,11.2,1.06
2018-06-25,2357.88,11.2,1.06
2018-06-26,2350.92,11.17,1.06
2018-06-27,2342.03,11.13,1.06
2018-06-28,2314.24,11.0,1.04
2018-06-29,2326.13,11.05,1.05
2018-07-02,2271.54,10.79,1.02
2018-07-03,2272.76,10.8,1.02
2018-07-04,2265.46,10.76,1.02
2018-07-05,2257.55,10.73,1.02
2018-07-06,2272.87,10.8,1.02
2018-07-09,2285.8,10.86,1.03
2018-07-10,2294.16,10.9,1.03
2018-07-11,2280.62,10.84,1.03
2018-07-12,2285.06,10.86,1.03
2018-07-13,2310.9,10.98,1.04
2018-07-16,2301.99,10.91,1.03
2018-07-17,2297.92,10.89,1.03
2018-07-18,2290.11,10.86,1.03
2018-07-19,2282.29,10.82,1.03
2018-07-20,2289.19,10.86,1.03
2018-07-23,2269.31,10.77,1.02
2018-07-24,2280.2,10.82,1.03
2018-07-25,2273.03,10.78,1.02
2018-07-26,2289.06,10.86,1.03
2018-07-27,2294.99,10.89,1.03
2018-07-30,2293.51,10.88,1.03
2018-07-31,2295.26,10.89,1.03
2018-08-01,2307.07,10.94,1.04
2018-08-02,2270.2,10.77,1.02
2018-08-03,2287.68,10.85,1.03
2018-08-06,2286.5,10.84,1.03
2018-08-07,2300.16,10.9,1.03
2018-08-08,2301.45,10.91,1.03
2018-08-09,2303.71,10.92,1.04
2018-08-10,2282.79,10.82,1.03
2018-08-13,2248.45,10.66,1.01
2018-08-14,2258.91,10.71,1.02
2018-08-16,2240.8,10.62,1.01
2018-08-17,2247.05,10.65,1.01
2018-08-20,2247.88,10.66,1.01
2018-08-21,2270.06,10.76,1.02
2018-08-22,2273.33,10.78,1.02
2018-08-23,2282.6,10.82,1.03
2018-08-24,2293.21,10.87,1.03
2018-08-27,2299.3,10.9,1.03
2018-08-28,2303.12,10.92,1.04
2018-08-29,2309.03,10.95,1.04
2018-08-30,2307.35,10.94,1.04
2018-08-31,2322.88,11.01,1.04
2018-09-03,2307.03,10.94,1.04
2018-09-04,2315.72,10.98,1.04
2018-09-05,2291.77,10.86,1.03
2018-09-06,2287.61,10.84,1.03
2018-09-07,2281.58,10.82,1.03
2018-09-10,2288.66,10.97,1.01
2018-09-11,2283.2,10.94,1.0
2018-09-12,2282.92,10.94,1.0
2018-09-13,2286.23,10.95,1.0
2018-09-14,2318.25,11.11,1.02
2018-09-17,2303.01,11.03,1.01
2018-09-18,2308.98,11.07,1.02
2018-09-19,2308.46,11.07,1.02
2018-09-20,2323.45,11.14,1.02
2018-09-21,2339.17,11.22,1.03
2018-09-27,2355.43,11.29,1.04
2018-09-28,2343.07,11.24,1.03
2018-10-01,2338.88,11.22,1.03
2018-10-02,2309.57,11.07,1.02
2018-10-04,2274.49,10.91,1.0
2018-10-05,2267.52,10.87,1.0
2018-10-08,2253.83,10.81,0.99
2018-10-10,2228.61,10.69,0.98
2018-10-11,2129.67,10.21,0.94
2018-10-12,2161.85,10.37,0.95
2018-10-15,2145.12,10.29,0.94
2018-10-16,2145.12,10.29,0.94
2018-10-17,2167.51,10.4,0.95
2018-10-18,2148.31,10.3,0.95
2018-10-19,2156.26,10.34,0.95
2018-10-22,2161.71,10.37,0.95
2018-10-23,2106.1,10.1,0.93
2018-10-24,2097.58,10.06,0.92
2018-10-25,2063.3,9.9,0.91
2018-10-26,2027.15,9.73,0.89
2018-10-29,1996.05,9.58,0.88
2018-10-30,2014.69,9.67,0.89
2018-10-31,2029.69,9.74,0.89
2018-11-01,2024.46,9.72,0.89
2018-11-02,2096.0,10.06,0.92
2018-11-05,2076.92,9.97,0.91
2018-11-06,2089.62,10.03,0.92
2018-11-07,2078.69,9.98,0.92
2018-11-08,2092.63,10.05,0.92
2018-11-09,2086.09,10.01,0.92
2018-11-12,2080.44,9.99,0.92
2018-11-13,2071.23,9.94,0.91
2018-11-14,2068.05,9.93,0.91
2018-11-15,2088.06,10.03,0.92
2018-11-16,2092.4,10.05,0.92
2018-11-19,2100.56,10.09,0.93
2018-11-20,2082.58,10.0,0.92
2018-11-21,2076.55,9.97,0.91
2018-11-22,2069.95,9.94,0.91
2018-11-23,2057.48,9.88,0.91
2018-11-26,2083.02,10.0,0.92
2018-11-27,2099.42,10.08,0.92
2018-11-28,2108.22,10.12,0.93
2018-11-29,2114.1,10.15,0.93
2018-11-30,2096.86,10.07,0.92
2018-12-03,2131.93,10.24,0.94
2018-12-04,2114.35,10.16,0.93
2018-12-05,2101.31,10.1,0.93
2018-12-06,2068.69,9.94,0.91
2018-12-07,2075.76,9.89,0.89
2018-12-10,2053.79,9.79,0.88
2018-12-11,2052.97,9.78,0.88
2018-12-12,2082.57,9.78,0.88
2018-12-13,2095.55,9.84,0.89
2018-12-14,2069.38,9.72,0.88
2018-12-17,2071.09,9.73,0.88
2018-12-18,2062.11,9.69,0.88
2018-12-19,2078.84,9.77,0.88
2018-12-20,2060.12,9.68,0.88
2018-12-21,2061.49,9.68,0.88
2018-12-24,2055.01,9.65,0.87
2018-12-26,2028.01,9.53,0.86
2018-12-27,2028.44,9.53,0.86
2018-12-28,2041.04,9.58,0.87
2019-01-02,2010.0,9.44,0.85
2019-01-03,1993.7,9.36,0.85
2019-01-04,2010.25,9.44,0.85
2019-01-07,2037.1,9.57,0.87
2019-01-08,2025.27,9.52,0.86
2019-01-09,2064.71,9.7,0.88
2019-01-10,2063.28,9.7,0.88
2019-01-11,2075.57,9.75,0.88
2019-01-14,2064.52,9.7,0.88
2019-01-15,2097.18,9.85,0.89
2019-01-16,2106.1,9.89,0.9
2019-01-17,2107.06,9.9,0.9
2019-01-18,2124.28,9.98,0.9
2019-01-21,2124.61,9.98,0.9
2019-01-22,2117.77,9.95,0.9
2019-01-23,2127.78,10.0,0.9
2019-01-24,2145.03,10.08,0.91
2019-01-25,2177.73,10.23,0.93
2019-01-28,2177.3,10.23,0.93
2019-01-29,2183.36,10.26,0.93
2019-01-30,2206.2,10.36,0.94
2019-01-31,2204.85,10.36,0.94
2019-02-01,2203.46,10.35,0.94
2019-02-07,2203.42,10.35,0.94
2019-02-08,2177.05,10.23,0.93
2019-02-11,2180.73,10.24,0.93
2019-02-12,2190.47,10.29,0.93
2019-02-13,2201.48,10.41,0.94
2019-02-14,2225.85,10.52,0.95
2019-02-15,2196.09,10.38,0.94
2019-02-18,2210.89,10.45,0.95
2019-02-19,2205.63,10.43,0.94
2019-02-20,2229.76,10.55,0.96
2019-02-21,2228.66,10.54,0.95
2019-02-22,2230.5,10.55,0.96
2019-02-25,2232.56,10.56,0.96
2019-02-26,2226.6,10.53,0.95
2019-02-27,2234.79,10.57,0.96
2019-02-28,2195.44,10.38,0.94
2019-03-04,2190.66,10.36,0.94
2019-03-05,2179.23,10.31,0.93
2019-03-06,2175.6,10.29,0.93
2019-03-07,2165.79,10.25,0.93
2019-03-08,2137.44,10.11,0.92
2019-03-11,2138.1,10.11,0.92
2019-03-12,2157.18,10.21,0.92
2019-03-13,2148.41,10.16,0.92
2019-03-14,2155.68,10.2,0.92
2019-03-15,2176.11,10.3,0.93
2019-03-18,2179.49,10.31,0.93
2019-03-19,2177.62,10.3,0.93
2019-03-20,2177.1,10.3,0.93
2019-03-21,2184.88,10.34,0.94
2019-03-22,2186.95,10.34,0.94
2019-03-25,2144.86,10.15,0.92
2019-03-26,2148.8,10.17,0.92
2019-03-27,2145.62,10.14,0.92
2019-03-28,2128.1,10.06,0.91
2019-03-29,2140.67,10.13,0.92
2019-04-01,2168.28,10.26,0.93
2019-04-02,2177.18,10.3,0.94
2019-04-03,2203.27,10.43,0.95
2019-04-04,2206.53,10.44,0.95
2019-04-05,2209.61,10.46,0.95
2019-04-08,2210.6,10.46,0.95
2019-04-09,2213.56,10.48,0.95
2019-04-10,2224.39,10.53,0.96
2019-04-11,2224.44,10.53,0.96
2019-04-12,2233.45,10.57,0.96
2019-04-15,2242.88,10.61,0.96
2019-04-16,2248.63,10.64,0.97
2019-04-17,2245.89,10.63,0.97
2019-04-18,2213.77,10.48,0.95
2019-04-19,2216.15,10.49,0.95
2019-04-22,2216.65,10.49,0.95
2019-04-23,2220.51,10.51,0.95
2019-04-24,2201.03,10.42,0.95
2019-04-25,2190.5,10.37,0.94
2019-04-26,2179.31,10.31,0.94
2019-04-29,2216.43,10.49,0.95
2019-04-30,2203.59,10.43,0.95
2019-05-02,2212.75,11.47,0.95
2019-05-03,2196.32,11.38,0.94
2019-05-07,2176.99,11.28,0.93
2019-05-08,2168.01,11.24,0.93
2019-05-09,2102.01,10.89,0.9
2019-05-10,2108.04,10.92,0.9
2019-05-13,2079.01,10.77,0.89
2019-05-14,2081.84,10.79,0.89
2019-05-15,2092.78,10.84,0.89
2019-05-16,2067.69,10.71,0.88
2019-05-17,2055.8,10.65,0.88
2019-05-20,2055.71,10.65,0.88
2019-05-21,2061.25,10.68,0.88
2019-05-22,2064.86,10.69,0.88
2019-05-23,2059.59,10.67,0.88
2019-05-24,2045.31,10.59,0.87
2019-05-27,2044.21,10.59,0.87
2019-05-28,2048.83,10.61,0.87
2019-05-29,2023.32,10.49,0.87
2019-05-30,2038.8,10.57,0.87
2019-05-31,2041.74,10.59,0.87
2019-06-03,2067.85,11.95,0.87
2019-06-04,2066.97,11.95,0.87
2019-06-05,2069.11,11.96,0.87
2019-06-07,2072.33,11.98,0.87
2019-06-10,2099.49,12.14,0.88
2019-06-11,2111.81,12.21,0.89
2019-06-12,2108.75,12.19,0.89
2019-06-13,2103.15,12.16,0.88
2019-06-14,2095.41,12.11,0.88
2019-06-17,2090.73,12.09,0.88
2019-06-18,2098.71,12.13,0.88
2019-06-19,2124.78,12.29,0.89
2019-06-20,2131.29,12.32,0.9
2019-06-21,2125.62,12.29,0.89
2019-06-24,2126.33,12.29,0.89
2019-06-25,2121.64,12.27,0.89
2019-06-26,2121.85,12.27,0.89
2019-06-27,2134.32,12.34,0.9
2019-06-28,2130.62,12.32,0.9
2019-07-01,2129.74,12.32,0.89
2019-07-02,2122.02,12.27,0.89
2019-07-03,2096.02,12.12,0.88
2019-07-04,2108.73,12.2,0.89
2019-07-05,2110.59,12.21,0.89
2019-07-08,2064.17,11.94,0.87
2019-07-09,2052.03,11.87,0.86
2019-07-10,2058.78,11.91,0.86
2019-07-11,2080.58,12.03,0.87
2019-07-12,2086.66,12.07,0.88
2019-07-15,2082.48,12.05,0.88
2019-07-16,2091.87,12.1,0.88
2019-07-17,2072.92,11.99,0.87
2019-07-18,2066.55,11.95,0.87
2019-07-19,2094.36,12.11,0.88
2019-07-22,2093.34,12.11,0.88
2019-07-23,2101.45,12.16,0.88
2019-07-24,2082.3,12.04,0.87
2019-07-25,2074.48,12.0,0.87
2019-07-26,2066.26,11.95,0.87
2019-07-29,2029.48,11.74,0.85
2019-07-30,2038.68,11.79,0.86
2019-07-31,2024.55,11.71,0.85
2019-08-01,2017.34,11.67,0.85
2019-08-02,1998.13,11.56,0.84
2019-08-05,1946.98,11.26,0.82
2019-08-06,1917.5,11.09,0.81
2019-08-07,1909.71,11.05,0.8
2019-08-08,1920.61,11.11,0.81
2019-08-09,1937.75,11.21,0.81
2019-08-12,1942.29,11.23,0.82
2019-08-13,1925.83,11.14,0.81
2019-08-14,1938.37,11.21,0.81
2019-08-16,1927.17,11.15,0.81
2019-08-19,1939.9,11.22,0.82
2019-08-20,1960.25,11.34,0.82
2019-08-21,1964.65,11.36,0.83
2019-08-22,1951.01,11.29,0.82
2019-08-23,1948.3,11.27,0.82
2019-08-26,1916.31,11.08,0.81
2019-08-27,1924.6,11.13,0.81
2019-08-28,1941.09,11.23,0.82
2019-08-29,1933.41,11.18,0.81
2019-08-30,1967.79,11.38,0.83
2019-09-02,1969.19,11.39,0.83
2019-09-03,1965.69,11.37,0.83
2019-09-04,1988.53,13.57,0.82
2019-09-05,2004.75,13.68,0.82
2019-09-06,2009.13,13.71,0.83
2019-09-09,2019.55,13.78,0.83
2019-09-10,2032.08,13.86,0.84
2019-09-11,2049.2,13.98,0.84
2019-09-16,2062.22,14.07,0.85
2019-09-17,2062.33,14.08,0.85
2019-09-18,2070.73,14.13,0.85
2019-09-19,2080.35,14.2,0.86
2019-09-20,2091.52,14.28,0.86
2019-09-23,2091.7,14.28,0.86
2019-09-24,2101.04,14.34,0.86
2019-09-25,2073.39,14.16,0.85
2019-09-26,2074.52,14.17,0.85
2019-09-27,2049.93,14.0,0.84
2019-09-30,2063.05,14.09,0.85
2019-10-01,2072.42,14.16,0.85
2019-10-02,2031.91,13.87,0.84
2019-10-04,2020.69,13.8,0.83
2019-10-07,2021.73,13.8,0.83
2019-10-08,2046.25,13.97,0.84
2019-10-10,2028.15,13.85,0.83
2019-10-11,2044.61,13.96,0.84
2019-10-14,2067.4,14.12,0.85
2019-10-15,2068.17,14.12,0.85
2019-10-16,2082.83,14.22,0.86
2019-10-17,2077.94,14.19,0.86
2019-10-18,2060.69,14.07,0.85
2019-10-21,2064.84,14.09,0.85
2019-10-22,2088.86,14.26,0.86
2019-10-23,2080.62,14.2,0.86
2019-10-24,2085.66,14.23,0.86
2019-10-25,2087.89,14.25,0.86
2019-10-28,2093.6,14.29,0.86
2019-10-29,2092.69,14.29,0.86
2019-10-30,2080.27,14.2,0.86
2019-10-31,2083.48,14.23,0.86
2019-11-01,2100.2,14.34,0.87
2019-11-04,2130.24,14.55,0.88
2019-11-05,2142.64,14.64,0.88
2019-11-06,2144.15,14.65,0.88
2019-11-07,2144.29,14.65,0.88
2019-11-08,2137.23,14.6,0.88
2019-11-11,2124.09,14.51,0.88
2019-11-12,2140.92,14.62,0.88
2019-11-13,2122.45,14.5,0.87
2019-11-14,2139.23,14.62,0.88
2019-11-15,2162.18,14.78,0.89
2019-11-18,2160.69,14.77,0.89
2019-11-19,2153.24,14.72,0.89
2019-11-20,2125.32,14.53,0.88
2019-11-21,2096.6,14.33,0.86
2019-11-22,2101.96,14.37,0.87
2019-11-25,2123.5,14.51,0.88
2019-11-26,2121.35,14.5,0.87
2019-11-27,2127.85,14.55,0.88
2019-11-28,2118.6,14.48,0.87
2019-11-29,2087.96,14.27,0.86
2019-12-02,2091.92,14.3,0.86
2019-12-03,2084.07,17.25,0.84
2019-12-04,2068.89,17.12,0.84
2019-12-05,2060.74,17.05,0.84
2019-12-06,2081.85,17.23,0.84
2019-12-09,2088.65,17.28,0.85
2019-12-10,2098.0,17.36,0.85
2019-12-11,2105.62,17.43,0.85
2019-12-12,2137.35,17.69,0.87
2019-12-13,2170.25,17.97,0.88
2019-12-16,2168.15,17.95,0.88
2019-12-17,2195.68,18.18,0.89
2019-12-18,2194.76,18.18,0.89
2019-12-19,2196.56,18.19,0.89
2019-12-20,2204.18,18.25,0.89
2019-12-23,2203.71,18.25,0.89
2019-12-24,2190.08,18.14,0.89
2019-12-26,2197.93,18.2,0.89
2019-12-27,2204.21,18.25,0.89
2019-12-30,2197.67,18.2,0.89
2020-01-02,2175.17,18.01,0.88
2020-01-03,2176.46,18.02,0.88
2020-01-06,2155.07,17.84,0.87
2020-01-07,2175.54,18.01,0.88
2020-01-08,2151.31,17.81,0.87
2020-01-09,2186.45,18.11,0.89
2020-01-10,2206.39,18.27,0.89
2020-01-13,2229.26,18.46,0.9
2020-01-14,2238.88,18.54,0.91
2020-01-15,2230.98,18.48,0.91
2020-01-16,2248.05,18.62,0.91
2020-01-17,2250.57,18.64,0.91
2020-01-20,2262.64,18.75,0.92
2020-01-21,2239.69,18.55,0.91
2020-01-22,2267.25,18.78,0.92
2020-01-23,2246.13,18.61,0.91
2020-01-28,2176.72,18.03,0.88
2020-01-29,2185.28,18.1,0.89
2020-01-30,2148.0,17.79,0.87
2020-01-31,2119.01,17.56,0.86
2020-02-03,2118.88,17.56,0.86
2020-02-04,2157.9,17.88,0.88
2020-02-05,2165.63,17.94,0.88
2020-02-06,2227.94,18.46,0.9
2020-02-07,2211.95,18.33,0.9
2020-02-10,2201.07,18.24,0.89
2020-02-11,2223.12,18.42,0.9
2020-02-12,2238.38,18.55,0.91
2020-02-13,2232.96,18.51,0.91
2020-02-14,2243.59,18.63,0.91
2020-02-17,2242.17,18.62,0.91
2020-02-18,2208.88,18.34,0.9
2020-02-19,2210.34,18.35,0.9
2020-02-20,2195.5,18.23,0.89
2020-02-21,2162.84,17.96,0.88
2020-02-24,2079.04,17.26,0.84
2020-02-25,2103.61,17.46,0.85
2020-02-26,2076.77,17.24,0.84
2020-02-27,2054.89,17.06,0.83
2020-02-28,1987.01,16.5,0.81
2020-03-02,2002.51,16.62,0.81
2020-03-03,2014.15,16.72,0.82
2020-03-04,2059.33,17.09,0.84
2020-03-05,2085.26,17.31,0.85
2020-03-06,2040.22,16.93,0.83
2020-03-09,1954.77,16.22,0.79
2020-03-10,1962.93,16.29,0.8
2020-03-11,1908.27,15.84,0.77
2020-03-12,1834.33,15.22,0.74
2020-03-13,1771.44,14.7,0.72
2020-03-16,1714.86,14.23,0.7
2020-03-17,1672.44,13.88,0.68
2020-03-18,1591.2,13.2,0.65
2020-03-19,1457.64,12.09,0.59
2020-03-20,1566.15,13.19,0.64
2020-03-23,1482.46,12.48,0.6
2020-03-24,1609.97,13.47,0.65
2020-03-25,1704.76,14.26,0.69
2020-03-26,1686.24,14.1,0.68
2020-03-27,1717.73,14.37,0.7
2020-03-30,1717.12,14.36,0.7
2020-03-31,1754.64,14.66,0.71
2020-04-01,1685.46,14.08,0.68
2020-04-02,1724.86,14.41,0.7
2020-04-03,1725.44,14.41,0.7
2020-04-06,1791.88,14.97,0.73
2020-04-07,1823.6,15.23,0.74
2020-04-08,1807.14,15.09,0.73
2020-04-09,1836.21,15.33,0.75
2020-04-10,1860.7,15.54,0.76
2020-04-13,1825.76,15.25,0.74
2020-04-14,1857.08,15.51,0.75
2020-04-16,1857.07,15.5,0.75
2020-04-17,1914.53,15.98,0.78
2020-04-20,1898.36,15.85,0.77
2020-04-21,1879.38,15.69,0.76
2020-04-22,1896.15,15.83,0.77
2020-04-23,1914.73,15.98,0.78
2020-04-24,1889.01,15.77,0.77
2020-04-27,1922.77,16.05,0.78
2020-04-28,1934.09,16.15,0.79
2020-04-29,1947.56,16.26,0.79
2020-05-04,1895.37,18.3,0.78
2020-05-06,1928.76,18.62,0.79
2020-05-07,1928.61,18.62,0.79
2020-05-08,1945.82,18.79,0.8
2020-05-11,1935.4,18.69,0.79
2020-05-12,1922.17,18.56,0.79
2020-05-13,1940.42,18.73,0.79
2020-05-14,1924.96,18.58,0.79
2020-05-15,1927.28,18.61,0.79
2020-05-18,1937.11,18.72,0.79
2020-05-19,1980.61,19.14,0.81
2020-05-20,1989.64,19.23,0.81
2020-05-21,1998.31,19.32,0.82
2020-05-22,1970.13,19.04,0.81
2020-05-25,1994.6,19.27,0.82
2020-05-26,2029.78,19.62,0.83
2020-05-27,2031.2,19.63,0.83
2020-05-28,2028.54,19.61,0.83
2020-05-29,2029.6,19.62,0.83
2020-06-01,2065.08,19.97,0.85
2020-06-02,2087.19,20.18,0.85
2020-06-03,2147.0,24.57,0.88
2020-06-04,2151.18,24.62,0.88
2020-06-05,2181.87,25.0,0.9
2020-06-08,2184.29,25.02,0.9
2020-06-09,2188.92,25.08,0.9
2020-06-10,2195.69,25.16,0.9
2020-06-11,2176.78,24.94,0.9
2020-06-12,2132.3,24.43,0.88
2020-06-15,2030.82,23.26,0.83
2020-06-16,2138.05,24.5,0.88
2020-06-17,2141.05,24.54,0.88
2020-06-18,2133.48,24.45,0.88
2020-06-19,2141.32,24.54,0.88
2020-06-22,2126.73,24.37,0.87
2020-06-23,2131.24,24.43,0.88
2020-06-24,2161.51,24.78,0.89
2020-06-25,2112.37,24.22,0.87
2020-06-26,2134.65,24.48,0.88
2020-06-29,2093.48,24.0,0.86
2020-06-30,2108.33,24.18,0.87
2020-07-01,2106.7,24.16,0.87
2020-07-02,2135.37,24.49,0.88
2020-07-03,2152.41,24.89,0.89
2020-07-06,2187.93,25.31,0.91
2020-07-07,2164.17,25.03,0.9
2020-07-08,2158.88,24.97,0.89
2020-07-09,2167.9,25.07,0.9
2020-07-10,2150.25,24.87,0.89
2020-07-13,2186.06,25.28,0.91
2020-07-14,2183.61,25.25,0.91
2020-07-15,2201.88,25.46,0.91
2020-07-16,2183.76,25.25,0.91
2020-07-17,2201.19,25.45,0.91
2020-07-20,2198.2,25.42,0.91
2020-07-21,2228.83,25.8,0.92
2020-07-22,2228.66,25.8,0.92
2020-07-23,2216.19,25.65,0.92
2020-07-24,2200.44,25.47,0.91
2020-07-27,2217.86,25.67,0.92
2020-07-28,2256.99,26.13,0.94
2020-07-29,2263.16,26.2,0.94
2020-07-30,2267.01,26.24,0.94
2020-07-31,2249.37,26.04,0.93
2020-08-03,2251.04,26.06,0.93
2020-08-04,2279.97,26.39,0.95
2020-08-05,2311.86,26.77,0.96
2020-08-06,2342.61,27.12,0.97
2020-08-07,2351.67,27.23,0.98
2020-08-10,2386.38,27.63,0.99
2020-08-11,2418.67,28.01,1.0
2020-08-12,2432.35,28.16,1.01
2020-08-13,2437.53,28.23,1.01
2020-08-14,2407.49,27.89,1.0
2020-08-18,2348.24,26.95,0.97
2020-08-19,2360.54,27.09,0.98
2020-08-20,2274.22,26.1,0.94
2020-08-21,2304.59,26.45,0.96
2020-08-24,2329.83,26.74,0.97
2020-08-25,2366.73,27.17,0.98
2020-08-26,2369.32,27.2,0.98
2020-08-27,2344.45,26.91,0.97
2020-08-28,2353.8,27.02,0.98
2020-08-31,2326.17,26.7,0.97
2020-09-01,2349.55,26.97,0.98
2020-09-02,2364.37,27.14,0.98
2020-09-03,2395.9,27.51,0.99
2020-09-04,2368.25,27.19,0.98
2020-09-07,2384.22,27.37,0.99
2020-09-08,2401.91,27.58,1.0
2020-09-09,2375.81,27.28,0.99
2020-09-10,2396.48,28.63,0.98
2020-09-11,2396.69,28.63,0.98
2020-09-14,2427.91,29.0,0.99
2020-09-15,2443.58,29.19,0.99
2020-09-16,2435.92,29.1,0.99
2020-09-17,2406.17,28.75,0.98
2020-09-18,2412.4,28.82,0.98
2020-09-21,2389.39,28.55,0.97
2020-09-22,2332.59,27.87,0.95
2020-09-23,2333.24,27.85,0.95
2020-09-24,2272.7,27.13,0.92
2020-09-25,2278.79,27.2,0.93
2020-09-28,2308.08,27.56,0.94
2020-09-29,2327.89,27.79,0.95
2020-10-05,2358.0,28.15,0.96
2020-10-06,2365.9,28.25,0.96
2020-10-07,2386.94,28.5,0.97
2020-10-08,2391.96,28.57,0.97
2020-10-12,2403.73,28.71,0.98
2020-10-13,2403.15,28.7,0.98
2020-10-14,2380.48,28.43,0.97
2020-10-15,2361.21,28.22,0.96
2020-10-16,2341.53,28.1,0.96
2020-10-19,2346.74,28.17,0.96
2020-10-20,2358.41,28.33,0.97
2020-10-21,2370.86,28.48,0.97
2020-10-22,2355.05,28.29,0.96
2020-10-23,2360.81,28.36,0.97
2020-10-26,2343.91,28.15,0.96
2020-10-27,2330.84,28.0,0.96
2020-10-28,2345.26,28.17,0.96
2020-10-29,2326.67,27.95,0.95
2020-10-30,2267.15,27.23,0.93
2020-11-02,2300.16,27.63,0.94
2020-11-03,2343.31,28.16,0.96
2020-11-04,2357.32,28.33,0.97
2020-11-05,2413.79,29.01,0.99
2020-11-06,2416.5,29.04,0.99
2020-11-09,2447.2,29.41,1.0
2020-11-10,2452.83,29.48,1.01
2020-11-11,2485.87,29.88,1.02
2020-11-12,2475.62,29.76,1.02
2020-11-13,2493.87,29.98,1.02
2020-11-16,2543.03,30.57,1.04
2020-11-17,2539.15,30.53,1.04
2020-11-18,2545.64,30.61,1.04
2020-11-19,2547.42,30.63,1.05
2020-11-20,2553.5,30.71,1.05
2020-11-23,2602.59,31.3,1.07
2020-11-24,2617.76,31.48,1.07
2020-11-25,2601.54,31.29,1.07
2020-11-26,2625.91,31.58,1.08
2020-11-27,2633.45,31.67,1.08
2020-11-30,2591.34,31.17,1.06
2020-12-01,2634.25,31.68,1.08
2020-12-02,2675.9,32.19,1.1
2020-12-03,2696.22,32.43,1.11
2020-12-04,2731.45,32.86,1.12
2020-12-07,2745.44,33.04,1.13
2020-12-08,2700.93,32.52,1.11
2020-12-09,2755.47,33.18,1.13
2020-12-10,2746.46,33.07,1.13
2020-12-11,2770.06,28.37,1.11
2020-12-14,2762.2,28.29,1.11
2020-12-15,2756.82,28.23,1.11
2020-12-16,2771.79,28.39,1.11
2020-12-17,2770.43,28.37,1.11
2020-12-18,2772.18,28.4,1.11
2020-12-21,2778.65,28.47,1.12
2020-12-22,2733.68,28.03,1.1
2020-12-23,2759.82,28.3,1.11
2020-12-24,2806.86,28.78,1.13
2020-12-28,2808.6,28.8,1.13
2020-12-29,2820.51,28.93,1.14
2020-12-30,2873.47,29.47,1.16
2021-01-04,2944.45,30.2,1.19
2021-01-05,2990.57,30.68,1.2
2021-01-06,2968.21,30.45,1.2
2021-01-07,3031.68,31.11,1.22
2021-01-08,3152.18,32.35,1.27
2021-01-11,3148.45,32.31,1.27
2021-01-12,3125.95,32.08,1.26
2021-01-13,3148.29,32.31,1.27
2021-01-14,3149.93,32.33,1.27
2021-01-15,3085.9,31.67,1.24
2021-01-18,3013.93,30.95,1.21
2021-01-19,3092.66,31.76,1.25
2021-01-20,3114.55,31.99,1.26
2021-01-21,3160.84,32.47,1.27
2021-01-22,3140.63,32.26,1.27
2021-01-25,3208.99,33.02,1.3
2021-01-26,3140.31,32.28,1.27
2021-01-27,3122.56,32.1,1.26
2021-01-28,3069.05,31.55,1.24
2021-01-29,2976.21,30.59,1.2
2021-02-01,3056.53,31.42,1.23
2021-02-02,3096.81,31.84,1.25
2021-02-03,3129.68,32.18,1.26
2021-02-04,3087.55,31.74,1.25
2021-02-05,3120.63,32.08,1.26
2021-02-08,3091.24,31.78,1.25
2021-02-09,3084.67,31.71,1.25
2021-02-10,3100.58,31.88,1.25
2021-02-15,3147.0,32.36,1.27
2021-02-16,3163.25,32.53,1.28
2021-02-17,3133.73,32.22,1.27
2021-02-18,3086.66,31.74,1.25
2021-02-19,3107.62,31.96,1.25
2021-02-22,3079.75,31.67,1.24
2021-02-23,3070.09,31.57,1.24
2021-02-24,2994.98,30.8,1.21
2021-02-25,3099.69,31.88,1.25
2021-02-26,3012.95,30.98,1.22
2021-03-02,3043.87,31.3,1.23
2021-03-03,3082.99,31.71,1.25
2021-03-04,3043.49,31.3,1.23
2021-03-05,3026.26,31.12,1.22
2021-03-08,2996.11,30.81,1.21
2021-03-09,2976.12,30.6,1.2
2021-03-10,2958.12,30.42,1.19
2021-03-11,3013.7,30.99,1.22
2021-03-12,3054.39,31.41,1.23
2021-03-15,3045.71,31.32,1.23
2021-03-16,3067.17,31.54,1.24
2021-03-17,3047.5,31.34,1.23
2021-03-18,3066.01,31.53,1.24
2021-03-19,3039.53,31.45,1.24
2021-03-22,3035.46,31.41,1.23
2021-03-23,3004.74,31.09,1.22
2021-03-24,2996.35,31.0,1.22
2021-03-25,3008.33,31.12,1.22
2021-03-26,3041.01,31.45,1.24
2021-03-29,3036.04,31.4,1.23
2021-03-30,3070.0,31.75,1.25
2021-03-31,3061.42,31.67,1.24
2021-04-01,3087.4,31.94,1.25
2021-04-02,3112.8,32.2,1.26
2021-04-05,3120.83,32.29,1.27
2021-04-06,3127.08,32.35,1.27
2021-04-07,3137.41,32.46,1.27
2021-04-08,3143.26,32.52,1.28
2021-04-09,3131.88,32.4,1.27
2021-04-12,3135.59,32.44,1.27
2021-04-13,3169.08,32.79,1.29
2021-04-14,3182.38,32.95,1.29
2021-04-15,3194.33,33.07,1.3
2021-04-16,3198.62,33.12,1.3
2021-04-19,3198.84,33.12,1.3
2021-04-20,3220.7,33.35,1.31
2021-04-21,3171.66,32.85,1.29
2021-04-22,3177.52,32.92,1.29
2021-04-23,3186.1,32.99,1.3
2021-04-26,3217.53,33.32,1.31
2021-04-27,3215.42,33.3,1.31
2021-04-28,3181.47,32.94,1.29
2021-04-29,3174.07,32.87,1.29
2021-04-30,3147.86,32.6,1.28
2021-05-03,3127.2,26.05,1.26
2021-05-04,3147.37,26.22,1.27
2021-05-06,3178.74,26.48,1.28
2021-05-07,3197.2,26.63,1.29
2021-05-10,3249.3,27.07,1.31
2021-05-11,3209.43,26.75,1.3
2021-05-12,3161.66,26.46,1.28
2021-05-13,3122.11,26.09,1.26
2021-05-14,3153.32,26.36,1.28
2021-05-17,3134.52,26.2,1.27
2021-05-18,3173.05,26.53,1.28
2021-05-20,3162.28,26.44,1.28
2021-05-21,3156.42,26.39,1.28
2021-05-24,3144.3,26.25,1.27
2021-05-25,3171.32,26.48,1.28
2021-05-26,3168.43,26.46,1.28
2021-05-27,3165.51,26.43,1.28
2021-05-28,3188.73,26.56,1.29
2021-05-31,3203.92,26.69,1.29
2021-06-01,3221.87,26.84,1.3
2021-06-02,3224.23,26.86,1.3
2021-06-03,3247.43,18.13,1.28
2021-06-04,3240.08,18.09,1.28
2021-06-07,3252.12,18.16,1.28
2021-06-08,3247.83,18.13,1.28
2021-06-09,3216.18,17.95,1.27
2021-06-10,3224.64,17.97,1.27
2021-06-11,3249.32,18.11,1.28
2021-06-14,3252.13,18.12,1.28
2021-06-15,3258.63,18.16,1.29
2021-06-16,3278.68,18.27,1.29
2021-06-17,3264.96,18.2,1.29
2021-06-18,3267.93,18.22,1.29
2021-06-21,3240.79,18.06,1.28
2021-06-22,3263.88,18.19,1.29
2021-06-23,3276.19,18.26,1.29
2021-06-24,3286.1,18.32,1.3
2021-06-25,3302.84,18.41,1.3
2021-06-28,3301.89,18.4,1.3
2021-06-29,3286.68,18.33,1.3
2021-06-30,3296.68,18.38,1.3
2021-07-01,3282.06,18.3,1.3
2021-07-02,3281.78,18.3,1.3
2021-07-05,3293.21,18.37,1.3
2021-07-06,3305.21,18.44,1.31
2021-07-07,3285.34,18.33,1.3
2021-07-08,3252.68,18.15,1.29
2021-07-09,3217.95,17.95,1.27
2021-07-12,3246.47,18.11,1.28
2021-07-13,3271.38,18.25,1.29
2021-07-14,3264.81,18.22,1.29
2021-07-15,3286.22,18.34,1.3
2021-07-16,3276.91,18.31,1.3
2021-07-19,3244.04,18.08,1.29
2021-07-20,3232.7,18.02,1.28
2021-07-21,3215.91,17.94,1.28
2021-07-22,3250.21,18.11,1.29
2021-07-23,3254.42,18.14,1.29
2021-07-26,3224.95,17.97,1.28
2021-07-27,3232.53,18.01,1.28
2021-07-28,3236.86,18.04,1.28
2021-07-29,3242.65,18.07,1.29
2021-07-30,3202.32,17.85,1.27
2021-08-02,3223.04,17.96,1.28
2021-08-03,3237.14,18.04,1.28
2021-08-04,3280.38,18.28,1.3
2021-08-05,3276.13,18.26,1.3
2021-08-06,3270.36,18.23,1.3
2021-08-09,3260.42,18.43,1.31
2021-08-10,3243.19,18.34,1.3
2021-08-11,3220.62,18.31,1.31
2021-08-12,3208.38,18.24,1.3
2021-08-13,3171.29,18.02,1.29
2021-08-17,3143.09,17.86,1.28
2021-08-18,3158.93,17.94,1.28
2021-08-19,3097.83,17.6,1.26
2021-08-20,3060.51,17.39,1.24
2021-08-23,3090.21,17.57,1.26
2021-08-24,3138.3,17.84,1.28
2021-08-25,3146.81,17.89,1.28
2021-08-26,3128.53,17.78,1.27
2021-08-27,3133.9,17.82,1.27
2021-08-30,3144.19,17.88,1.28
2021-08-31,3199.27,18.2,1.3
2021-09-01,3207.02,18.24,1.3
2021-09-02,3175.85,18.1,1.29
2021-09-03,3201.06,18.24,1.3
2021-09-06,3203.33,18.25,1.3
2021-09-07,3187.42,18.16,1.3
2021-09-08,3162.99,18.02,1.29
2021-09-09,3114.7,14.82,1.23
2021-09-10,3125.76,14.87,1.23
2021-09-13,3127.86,14.89,1.23
2021-09-14,3148.83,14.99,1.24
2021-09-15,3153.4,15.01,1.24
2021-09-16,3130.09,14.91,1.23
2021-09-17,3140.51,14.95,1.24
2021-09-23,3127.58,15.0,1.23
2021-09-24,3125.24,14.99,1.23
2021-09-27,3133.64,15.03,1.24
2021-09-28,3097.92,14.86,1.22
2021-09-29,3060.27,14.68,1.21
2021-09-30,3068.82,14.72,1.21
2021-10-01,3019.18,14.48,1.19
2021-10-05,2962.17,14.21,1.17
2021-10-06,2908.31,13.95,1.15
2021-10-07,2959.46,14.2,1.17
2021-10-08,2956.3,14.18,1.17
2021-10-12,2916.38,13.99,1.15
2021-10-13,2944.41,14.12,1.16
2021-10-14,2988.64,14.34,1.18
2021-10-15,3015.06,14.47,1.19
2021-10-18,3006.68,14.43,1.19
2021-10-19,3029.04,14.54,1.2
2021-10-20,3013.13,14.46,1.19
2021-10-21,3007.33,14.43,1.19
2021-10-22,3006.16,14.43,1.19
2021-10-25,3020.54,14.5,1.19
2021-10-26,3049.08,14.63,1.2
2021-10-27,3025.49,14.52,1.19
2021-10-28,3009.55,14.44,1.19
2021-10-29,2970.68,14.25,1.17
2021-11-01,2978.94,14.3,1.18
2021-11-02,3013.49,14.46,1.19
2021-11-03,2975.71,14.29,1.17
2021-11-04,2983.22,14.5,1.19
2021-11-05,2969.27,14.43,1.19
2021-11-08,2960.2,14.39,1.18
2021-11-09,2962.46,14.4,1.18
2021-11-10,2930.17,14.24,1.17
2021-11-11,2924.92,14.21,1.17
2021-11-12,2968.8,14.43,1.19
2021-11-15,2999.52,14.58,1.2
2021-11-16,2997.21,14.59,1.2
2021-11-17,2962.42,14.42,1.19
2021-11-18,2947.38,14.34,1.18
2021-11-19,2971.02,14.46,1.19
2021-11-22,3013.25,14.67,1.21
2021-11-23,2997.33,14.59,1.2
2021-11-24,2994.29,14.57,1.2
2021-11-25,2980.27,14.51,1.19
2021-11-26,2936.44,14.29,1.17
2021-11-29,2909.32,14.17,1.16
2021-11-30,2839.01,13.77,1.13
2021-12-01,2899.72,14.07,1.16
2021-12-02,2945.27,14.29,1.17
2021-12-03,2968.33,14.4,1.18
2021-12-06,2973.25,14.43,1.19
2021-12-07,2991.72,14.52,1.19
2021-12-08,3001.8,14.57,1.2
2021-12-09,3029.57,14.71,1.21
2021-12-10,3010.23,14.62,1.2
2021-12-13,3001.66,12.82,1.15
2021-12-14,2987.95,12.76,1.15
2021-12-15,2989.39,12.77,1.15
2021-12-16,3006.41,12.84,1.15
2021-12-17,3017.73,12.89,1.16
2021-12-20,2963.0,12.65,1.14
2021-12-21,2975.03,12.7,1.14
2021-12-22,2984.48,12.74,1.14
2021-12-23,2998.17,12.8,1.15
2021-12-24,3012.43,12.86,1.15
2021-12-27,2999.55,12.8,1.15
2021-12-28,3020.24,12.89,1.16
2021-12-29,2993.29,12.78,1.15
2021-12-30,2977.65,12.72,1.14
2022-01-03,2988.77,12.76,1.15
2022-01-04,2989.24,12.76,1.15
2022-01-05,2953.97,12.61,1.13
2022-01-06,2920.53,12.47,1.12
2022-01-07,2954.89,12.62,1.13
2022-01-10,2926.72,12.51,1.12
2022-01-11,2927.38,12.51,1.12
2022-01-12,2972.48,12.7,1.14
2022-01-13,2962.09,12.66,1.14
2022-01-14,2921.92,12.48,1.12
2022-01-17,2890.1,12.35,1.11
2022-01-18,2864.24,12.23,1.1
2022-01-19,2842.28,12.14,1.09
2022-01-20,2862.68,12.23,1.1
2022-01-21,2834.29,12.11,1.09
2022-01-24,2792.0,11.93,1.07
2022-01-25,2720.39,11.62,1.04
2022-01-26,2709.24,11.57,1.04
2022-01-27,2614.49,11.16,1.0
2022-01-28,2663.34,12.14,1.08
2022-02-03,2707.82,12.34,1.1
2022-02-04,2750.26,12.53,1.12
2022-02-07,2745.06,12.51,1.12
2022-02-08,2746.47,12.52,1.12
2022-02-09,2768.85,12.62,1.13
2022-02-10,2771.93,12.64,1.13
2022-02-11,2747.71,12.53,1.12
2022-02-14,2704.48,12.33,1.1
2022-02-15,2676.54,12.2,1.09
2022-02-16,2729.68,12.44,1.11
2022-02-17,2744.09,12.51,1.12
2022-02-18,2744.52,12.51,1.12
2022-02-21,2743.8,12.51,1.12
2022-02-22,2706.79,12.34,1.1
2022-02-23,2719.53,12.39,1.11
2022-02-24,2648.8,12.07,1.08
2022-02-25,2676.76,12.2,1.09
2022-02-28,2699.18,12.32,1.1
2022-03-02,2703.52,12.34,1.1
2022-03-03,2747.08,12.54,1.12
2022-03-04,2713.43,12.39,1.11
2022-03-07,2651.31,12.1,1.08
2022-03-08,2622.4,11.97,1.07
2022-03-10,2680.32,12.23,1.09
2022-03-11,2661.28,12.15,1.08
2022-03-14,2645.65,12.07,1.08
2022-03-15,2621.53,11.97,1.07
2022-03-16,2659.23,12.14,1.08
2022-03-17,2694.51,12.3,1.1
2022-03-18,2707.02,12.36,1.1
2022-03-21,2686.05,12.26,1.09
2022-03-22,2710.0,12.37,1.1
2022-03-23,2735.05,12.48,1.11
2022-03-24,2729.66,12.45,1.11
2022-03-25,2729.98,12.46,1.11
2022-03-28,2729.56,12.46,1.11
2022-03-29,2741.07,12.51,1.12
2022-03-30,2746.74,12.54,1.12
2022-03-31,2757.65,12.58,1.12
2022-04-01,2739.85,12.5,1.12
2022-04-04,2757.9,12.59,1.12
2022-04-05,2759.2,12.59,1.12
2022-04-06,2735.03,12.48,1.11
2022-04-07,2695.86,12.3,1.1
2022-04-08,2700.39,12.32,1.1
2022-04-11,2693.1,12.29,1.1
2022-04-12,2666.76,12.17,1.09
2022-04-13,2716.49,12.4,1.11
2022-04-14,2716.71,12.4,1.11
2022-04-15,2696.06,12.3,1.1
2022-04-18,2693.21,12.29,1.1
2022-04-19,2718.89,12.41,1.11
2022-04-20,2718.69,12.41,1.11
2022-04-21,2728.21,12.45,1.11
2022-04-22,2704.71,12.34,1.1
2022-04-25,2657.13,12.12,1.08
2022-04-26,2668.31,12.18,1.09
2022-04-27,2639.06,12.04,1.07
2022-04-28,2667.49,12.17,1.09
2022-04-29,2695.05,12.3,1.1
2022-05-02,2687.45,11.13,1.08
2022-05-03,2680.46,11.1,1.07
2022-05-04,2677.57,11.09,1.07
2022-05-06,2644.51,10.95,1.06
2022-05-09,2610.81,10.81,1.05
2022-05-10,2596.56,10.75,1.04
2022-05-11,2592.27,10.74,1.04
2022-05-12,2550.08,10.56,1.02
2022-05-13,2604.24,10.79,1.04
2022-05-16,2596.58,10.75,1.04
2022-05-17,2620.44,10.85,1.05
2022-05-18,2625.98,10.87,1.05
2022-05-19,2592.34,10.73,1.04
2022-05-20,2639.29,10.93,1.06
2022-05-23,2647.38,10.96,1.06
2022-05-24,2605.87,10.79,1.04
2022-05-25,2617.22,10.83,1.05
2022-05-26,2612.45,10.81,1.05
2022-05-27,2638.05,10.92,1.06
2022-05-30,2669.66,11.05,1.07
2022-05-31,2685.9,11.12,1.08
2022-06-02,2658.99,11.01,1.06
2022-06-03,2670.65,11.06,1.07
2022-06-07,2626.34,10.87,1.05
2022-06-08,2626.15,10.87,1.05
2022-06-09,2625.44,11.44,1.04
2022-06-10,2595.87,11.31,1.02
2022-06-13,2504.51,10.91,0.99
2022-06-14,2492.97,10.86,0.98
2022-06-15,2447.38,10.66,0.96
2022-06-16,2451.41,10.68,0.97
2022-06-17,2440.93,10.63,0.96
2022-06-20,2391.03,10.42,0.94
2022-06-21,2408.93,10.5,0.95
2022-06-22,2342.81,10.21,0.92
2022-06-23,2314.32,10.08,0.91
2022-06-24,2366.6,10.31,0.93
2022-06-27,2401.92,10.47,0.95
2022-06-28,2422.09,10.56,0.96
2022-06-29,2377.99,10.37,0.94
2022-06-30,2332.64,10.17,0.92
2022-07-01,2305.42,10.05,0.91
2022-07-04,2300.34,10.03,0.91
2022-07-05,2341.78,10.21,0.92
2022-07-06,2292.01,9.99,0.9
2022-07-07,2334.27,10.18,0.92
2022-07-08,2350.61,10.25,0.93
2022-07-11,2340.27,10.2,0.92
2022-07-12,2317.76,10.11,0.91
2022-07-13,2328.61,10.15,0.92
2022-07-14,2322.32,10.13,0.92
2022-07-15,2330.98,10.17,0.92
2022-07-18,2375.25,10.36,0.94
2022-07-19,2370.97,10.34,0.94
2022-07-20,2386.85,10.41,0.94
2022-07-21,2409.16,10.51,0.95
2022-07-22,2393.14,10.44,0.95
2022-07-25,2403.69,10.48,0.95
2022-07-26,2412.96,10.52,0.95
2022-07-27,2415.53,10.54,0.95
2022-07-28,2435.27,10.62,0.96
2022-07-29,2451.5,10.69,0.97
2022-08-01,2452.25,10.69,0.97
2022-08-02,2439.62,10.64,0.96
2022-08-03,2461.45,10.74,0.97
2022-08-04,2473.11,10.79,0.98
2022-08-05,2490.8,10.87,0.98
2022-08-08,2493.1,10.88,0.99
2022-08-09,2503.46,10.93,0.99
2022-08-10,2480.88,10.83,0.98
2022-08-11,2523.78,11.02,1.0
2022-08-12,2527.94,11.04,1.0
2022-08-16,2533.52,11.06,1.0
2022-08-17,2516.47,10.99,0.99
2022-08-18,2508.05,10.95,0.99
2022-08-19,2492.69,10.88,0.99
2022-08-22,2462.5,10.75,0.97
2022-08-23,2435.34,10.63,0.96
2022-08-24,2447.45,10.69,0.97
2022-08-25,2477.26,10.82,0.98
2022-08-26,2481.03,10.83,0.98
2022-08-29,2426.89,10.6,0.96
2022-08-30,2450.93,10.7,0.97
2022-08-31,2472.05,10.8,0.98
2022-09-01,2415.61,10.55,0.95
2022-09-02,2409.41,10.52,0.95
2022-09-05,2403.68,10.49,0.95
2022-09-06,2410.02,10.52,0.95
2022-09-07,2376.46,10.37,0.94
2022-09-08,2384.28,10.41,0.94
2022-09-13,2449.54,10.7,0.97
2022-09-14,2411.42,10.53,0.95
2022-09-15,2401.83,10.49,0.95
2022-09-16,2382.78,10.24,0.92
2022-09-19,2355.66,10.13,0.91
2022-09-20,2367.85,10.18,0.92
2022-09-21,2347.21,10.09,0.91
2022-09-22,2332.31,10.03,0.9
2022-09-23,2290.0,9.84,0.89
2022-09-26,2220.94,9.55,0.86
2022-09-27,2223.86,9.56,0.86
2022-09-28,2169.29,9.32,0.84
2022-09-29,2170.93,9.33,0.84
2022-09-30,2155.49,9.26,0.83
2022-10-04,2209.38,9.5,0.85
2022-10-05,2215.22,9.52,0.86
2022-10-06,2237.86,9.62,0.87
2022-10-07,2232.84,9.6,0.86
2022-10-11,2192.07,9.42,0.85
2022-10-12,2202.47,9.47,0.85
2022-10-13,2162.87,9.3,0.84
2022-10-14,2212.55,9.52,0.86
2022-10-17,2219.71,9.55,0.86
2022-10-18,2249.95,9.68,0.87
2022-10-19,2237.44,9.62,0.87
2022-10-20,2218.09,9.54,0.86
2022-10-21,2213.12,9.52,0.86
2022-10-24,2236.16,9.62,0.87
2022-10-25,2235.07,9.62,0.87
2022-10-26,2249.56,9.68,0.87
2022-10-27,2288.78,9.85,0.89
2022-10-28,2268.4,9.76,0.88
2022-10-31,2293.61,9.87,0.89
2022-11-01,2335.22,10.05,0.9
2022-11-02,2336.87,10.06,0.91
2022-11-03,2329.17,10.01,0.9
2022-11-04,2348.43,10.1,0.91
2022-11-07,2371.79,10.2,0.92
2022-11-08,2399.04,10.32,0.93
2022-11-09,2424.41,10.42,0.94
2022-11-10,2402.23,10.33,0.93
2022-11-11,2483.16,10.68,0.96
2022-11-14,2474.65,10.64,0.96
2022-11-15,2480.33,10.66,0.96
2022-11-16,2477.45,10.66,0.96
2022-11-17,2442.9,10.51,0.95
2022-11-18,2444.48,10.52,0.95
2022-11-21,2419.5,10.41,0.94
2022-11-22,2405.27,10.35,0.93
2022-11-23,2418.01,10.4,0.94
2022-11-24,2441.33,10.5,0.95
2022-11-25,2437.86,10.49,0.95
2022-11-28,2408.27,10.36,0.93
2022-11-29,2433.39,10.47,0.94
2022-11-30,2472.53,10.64,0.96
2022-12-01,2479.84,10.67,0.96
2022-12-02,2434.33,10.47,0.94
2022-12-05,2419.32,10.41,0.94
2022-12-06,2393.16,10.29,0.93
2022-12-07,2382.81,10.25,0.92
2022-12-08,2371.08,10.2,0.92
2022-12-09,2389.04,10.28,0.93
2022-12-12,2373.02,10.21,0.92
2022-12-13,2372.4,10.2,0.92
2022-12-14,2399.25,10.33,0.93
2022-12-15,2360.97,10.16,0.92
2022-12-16,2360.02,11.39,0.89
2022-12-19,2352.17,11.36,0.88
2022-12-20,2333.29,11.26,0.88
2022-12-21,2328.95,11.24,0.88
2022-12-22,2356.73,11.38,0.89
2022-12-23,2313.69,11.13,0.87
2022-12-26,2317.14,11.14,0.87
2022-12-27,2332.79,11.22,0.88
2022-12-28,2280.45,10.97,0.86
2022-12-29,2236.4,10.76,0.84
2023-01-02,2225.67,10.7,0.84
2023-01-03,2218.68,10.67,0.83
2023-01-04,2255.98,10.85,0.85
2023-01-05,2264.65,10.89,0.85
2023-01-06,2289.97,11.02,0.86
2023-01-09,2350.19,11.31,0.88
2023-01-10,2351.31,11.31,0.88
2023-01-11,2359.53,11.35,0.89
2023-01-12,2365.1,11.38,0.89
2023-01-13,2386.09,11.48,0.9
2023-01-16,2399.86,11.55,0.9
2023-01-17,2379.39,11.45,0.9
2023-01-18,2368.32,11.39,0.89
2023-01-19,2380.34,11.45,0.9
2023-01-20,2395.26,11.53,0.9
2023-01-25,2428.57,11.69,0.91
2023-01-26,2468.65,11.89,0.93
2023-01-27,2484.02,11.96,0.94
2023-01-30,2450.47,11.81,0.92
2023-01-31,2425.08,11.69,0.91
2023-02-01,2449.8,11.81,0.92
2023-02-02,2468.88,11.9,0.93
2023-02-03,2480.4,11.96,0.94
2023-02-06,2438.19,11.75,0.92
2023-02-07,2451.71,11.81,0.92
2023-02-08,2483.64,11.97,0.94
2023-02-09,2481.52,11.96,0.94
2023-02-10,2469.73,11.9,0.93
2023-02-13,2452.7,11.82,0.92
2023-02-14,2465.64,11.88,0.93
2023-02-15,2427.9,11.7,0.92
2023-02-16,2475.48,11.93,0.93
2023-02-17,2451.21,11.81,0.92
2023-02-20,2455.12,11.83,0.93
2023-02-21,2458.96,11.88,0.92
2023-02-22,2417.68,11.68,0.91
2023-02-23,2439.09,11.79,0.92
2023-02-24,2423.61,11.71,0.91
2023-02-27,2402.64,11.61,0.9
2023-02-28,2412.85,11.66,0.91
2023-03-02,2427.85,11.73,0.91
2023-03-03,2432.07,11.75,0.91
2023-03-06,2462.62,11.9,0.93
2023-03-07,2463.35,11.9,0.93
2023-03-08,2431.91,11.75,0.91
2023-03-09,2419.09,11.69,0.91
2023-03-10,2394.59,11.57,0.9
2023-03-13,2410.6,11.65,0.91
2023-03-14,2348.97,11.35,0.88
2023-03-15,2379.72,11.5,0.89
2023-03-16,2377.91,11.49,0.89
2023-03-17,2395.69,11.58,0.9
2023-03-20,2379.2,11.5,0.89
2023-03-21,2388.35,11.54,0.9
2023-03-22,2416.96,11.67,0.91
2023-03-23,2424.48,11.71,0.91
2023-03-24,2414.96,11.66,0.91
2023-03-27,2409.22,11.64,0.91
2023-03-28,2434.94,11.76,0.92
2023-03-29,2443.92,11.81,0.92
2023-03-30,2453.16,11.85,0.92
2023-03-31,2476.86,11.97,0.93
2023-04-03,2472.34,11.96,0.93
2023-04-04,2480.51,12.0,0.93
2023-04-05,2495.21,12.07,0.94
2023-04-06,2459.23,11.89,0.93
2023-04-07,2490.41,12.04,0.94
2023-04-10,2512.08,12.15,0.95
2023-04-11,2547.86,12.32,0.96
2023-04-12,2550.64,12.33,0.96
2023-04-13,2561.66,12.39,0.96
2023-04-14,2571.49,12.43,0.97
2023-04-17,2575.91,12.45,0.97
2023-04-18,2571.09,12.43,0.97
2023-04-19,2575.08,12.46,0.97
2023-04-20,2563.11,12.4,0.97
2023-04-21,2544.4,12.31,0.96
2023-04-24,2523.5,12.21,0.95
2023-04-25,2489.02,12.08,0.94
2023-04-26,2484.83,12.06,0.94
2023-04-27,2495.81,12.11,0.94
2023-04-28,2501.53,12.14,0.94
2023-05-02,2524.39,13.3,0.96
2023-05-03,2501.4,13.18,0.95
2023-05-04,2500.94,13.17,0.95
2023-05-08,2513.21,13.24,0.96
2023-05-09,2510.06,13.22,0.96
2023-05-10,2496.51,13.15,0.95
2023-05-11,2491.0,13.12,0.95
2023-05-12,2475.42,13.04,0.94
2023-05-15,2479.35,13.06,0.94
2023-05-16,2480.24,13.06,0.95
2023-05-17,2494.66,13.14,0.95
2023-05-18,2515.4,13.25,0.96
2023-05-19,2537.79,13.37,0.97
2023-05-22,2557.08,13.47,0.97
2023-05-23,2567.55,13.53,0.98
2023-05-24,2567.45,13.53,0.98
2023-05-25,2554.69,13.46,0.97
2023-05-26,2558.81,13.48,0.98
2023-05-30,2585.52,13.62,0.99
2023-05-31,2577.12,13.57,0.98
2023-06-01,2569.17,13.52,0.98
2023-06-02,2601.36,13.69,0.99
2023-06-05,2615.41,13.76,1.0
2023-06-07,2615.6,13.76,1.0
2023-06-08,2610.85,13.74,0.99
2023-06-09,2641.16,16.15,0.97
2023-06-12,2629.35,16.07,0.96
2023-06-13,2637.95,16.15,0.97
2023-06-14,2619.08,16.03,0.96
2023-06-15,2608.54,15.97,0.95
2023-06-16,2625.79,16.07,0.96
2023-06-19,2609.5,15.97,0.95
2023-06-20,2604.91,15.93,0.95
2023-06-21,2582.63,15.8,0.95
2023-06-22,2593.7,15.87,0.95
2023-06-23,2570.1,15.72,0.94
2023-06-26,2582.2,15.8,0.95
2023-06-27,2581.39,15.79,0.94
2023-06-28,2564.19,15.69,0.94
2023-06-29,2550.02,15.6,0.93
2023-06-30,2564.28,15.69,0.94
2023-07-03,2602.47,15.92,0.95
2023-07-04,2593.31,15.87,0.95
2023-07-05,2579.0,15.78,0.94
2023-07-06,2556.29,15.64,0.94
2023-07-07,2526.71,15.46,0.92
2023-07-10,2520.7,15.42,0.92
2023-07-11,2562.49,15.68,0.94
2023-07-12,2574.72,15.76,0.94
2023-07-13,2591.23,15.85,0.95
2023-07-14,2628.3,16.08,0.96
2023-07-17,2619.0,16.03,0.96
2023-07-18,2607.62,15.96,0.95
2023-07-19,2608.24,15.96,0.95
2023-07-20,2600.23,15.91,0.95
2023-07-21,2609.76,15.97,0.96
2023-07-24,2628.53,16.09,0.96
2023-07-25,2636.46,16.14,0.97
2023-07-26,2592.36,15.87,0.95
2023-07-27,2603.81,15.94,0.95
2023-07-28,2608.32,15.97,0.96
2023-07-31,2632.58,16.12,0.96
2023-08-01,2667.07,16.33,0.98
2023-08-02,2616.47,16.02,0.96
2023-08-03,2605.39,15.96,0.95
2023-08-04,2602.8,15.95,0.95
2023-08-07,2580.71,15.81,0.95
2023-08-08,2573.98,15.77,0.94
2023-08-09,2605.12,15.96,0.96
2023-08-10,2601.56,15.94,0.95
2023-08-11,2591.26,15.88,0.95
2023-08-14,2570.87,15.75,0.94
2023-08-16,2525.64,15.46,0.93
2023-08-17,2519.85,15.43,0.92
2023-08-18,2504.5,15.33,0.92
2023-08-21,2508.8,15.36,0.92
2023-08-22,2515.74,15.39,0.92
2023-08-23,2505.5,15.33,0.92
2023-08-24,2537.68,15.52,0.93
2023-08-25,2519.14,15.41,0.92
2023-08-28,2543.41,15.56,0.93
2023-08-29,2552.16,15.61,0.94
2023-08-30,2561.22,15.67,0.94
2023-08-31,2556.27,15.64,0.94
2023-09-01,2563.71,15.68,0.94
2023-09-04,2584.55,15.81,0.95
2023-09-05,2582.18,15.8,0.95
2023-09-06,2563.34,15.68,0.94
2023-09-07,2548.26,15.59,0.93
2023-09-08,2547.68,15.59,0.93
2023-09-11,2556.88,15.64,0.94
2023-09-12,2536.58,15.52,0.93
2023-09-13,2534.7,15.51,0.93
2023-09-14,2572.89,15.74,0.94
2023-09-15,2601.28,15.92,0.95
2023-09-18,2574.72,15.76,0.94
2023-09-19,2559.21,19.15,0.93
2023-09-20,2559.74,19.15,0.93
2023-09-21,2514.97,18.82,0.91
2023-09-22,2508.13,18.78,0.91
2023-09-25,2495.76,18.69,0.9
2023-09-26,2462.97,18.43,0.89
2023-09-27,2465.07,18.45,0.89
2023-10-04,2405.69,18.0,0.87
2023-10-05,2403.6,17.99,0.87
2023-10-06,2408.73,18.07,0.87
2023-10-10,2402.58,18.02,0.87
2023-10-11,2450.08,18.38,0.89
2023-10-12,2479.82,18.6,0.9
2023-10-13,2456.15,18.43,0.89
2023-10-16,2436.24,18.28,0.88
2023-10-17,2460.17,18.46,0.89
2023-10-18,2462.6,18.48,0.89
2023-10-19,2415.8,18.12,0.88
2023-10-20,2375.0,17.82,0.86
2023-10-23,2357.02,17.68,0.86
2023-10-24,2383.51,17.88,0.87
2023-10-25,2363.17,17.72,0.86
2023-10-26,2299.08,17.24,0.83
2023-10-27,2302.81,17.27,0.84
2023-10-30,2310.55,17.33,0.84
2023-10-31,2277.99,17.08,0.83
2023-11-01,2301.56,17.26,0.84
2023-11-02,2343.12,17.57,0.85
2023-11-03,2368.34,17.76,0.86
2023-11-06,2502.37,18.78,0.91
2023-11-07,2443.96,18.34,0.89
2023-11-08,2421.62,18.17,0.88
2023-11-09,2427.08,18.21,0.88
2023-11-10,2409.66,18.11,0.88
2023-11-13,2403.76,18.06,0.87
2023-11-14,2433.25,18.29,0.89
2023-11-15,2486.67,18.69,0.9
2023-11-16,2488.18,18.7,0.91
2023-11-17,2469.85,18.56,0.9
2023-11-20,2491.2,18.75,0.91
2023-11-21,2510.42,18.9,0.91
2023-11-22,2511.7,18.91,0.92
2023-11-23,2514.96,18.93,0.92
2023-11-24,2496.63,18.79,0.91
2023-11-27,2495.66,18.79,0.91
2023-11-28,2521.76,18.98,0.92
2023-11-29,2519.81,18.97,0.92
2023-11-30,2535.29,19.09,0.92
2023-12-01,2505.01,18.86,0.91
2023-12-04,2514.95,18.93,0.92
2023-12-05,2494.28,18.77,0.91
2023-12-06,2495.38,18.78,0.91
2023-12-07,2492.07,18.76,0.91
2023-12-08,2517.85,18.95,0.92
2023-12-11,2525.36,19.01,0.92
2023-12-12,2535.27,19.08,0.92
2023-12-13,2510.66,18.9,0.91
2023-12-14,2544.18,19.15,0.93
2023-12-15,2563.56,19.43,0.94
2023-12-18,2566.86,19.46,0.94
2023-12-19,2568.55,19.47,0.94
2023-12-20,2614.3,19.04,0.94
2023-12-21,2600.02,18.94,0.93
2023-12-22,2599.51,18.93,0.93
2023-12-26,2602.59,18.97,0.94
2023-12-27,2613.5,19.06,0.94
2023-12-28,2655.28,19.36,0.96
2024-01-02,2669.81,19.56,0.97
2024-01-03,2607.31,19.1,0.94
2024-01-04,2587.02,18.95,0.94
2024-01-05,2578.08,18.88,0.93
2024-01-08,2567.82,18.81,0.93
2024-01-09,2561.24,18.76,0.93
2024-01-10,2541.98,18.62,0.92
2024-01-11,2540.27,18.6,0.92
2024-01-12,2525.05,18.49,0.91
2024-01-15,2525.99,18.49,0.91
2024-01-16,2497.59,18.28,0.9
2024-01-17,2435.9,17.83,0.88
2024-01-18,2440.04,17.86,0.88
2024-01-19,2472.74,18.1,0.89
2024-01-22,2464.35,18.04,0.89
2024-01-23,2478.61,18.15,0.9
2024-01-24,2469.69,18.08,0.89
2024-01-25,2470.34,18.1,0.89
2024-01-26,2478.56,18.16,0.9
2024-01-29,2500.65,18.35,0.91
2024-01-30,2498.81,18.34,0.91
2024-01-31,2497.09,18.33,0.91
2024-02-01,2542.46,18.67,0.92
2024-02-02,2615.31,19.2,0.95
2024-02-05,2591.31,19.03,0.94
2024-02-06,2576.2,18.92,0.94
2024-02-07,2609.58,19.16,0.95
2024-02-08,2620.32,19.24,0.95
2024-02-13,2649.64,19.46,0.96
2024-02-14,2620.42,19.24,0.95
2024-02-15,2613.8,19.19,0.95
2024-02-16,2648.76,19.45,0.96
2024-02-19,2680.26,19.69,0.97
2024-02-20,2657.79,19.52,0.97
2024-02-21,2653.31,19.48,0.96
2024-02-22,2664.27,19.56,0.97
2024-02-23,2667.7,19.59,0.97
2024-02-26,2647.08,19.44,0.96
2024-02-27,2625.05,19.27,0.95
2024-02-28,2652.29,19.49,0.96
2024-02-29,2642.36,19.42,0.96
2024-03-04,2674.27,19.66,0.97
2024-03-05,2649.4,19.48,0.96
2024-03-06,2641.49,19.41,0.96
2024-03-07,2647.62,19.46,0.96
2024-03-08,2680.35,19.7,0.97
2024-03-11,2659.84,19.54,0.97
2024-03-12,2681.81,19.71,0.97
2024-03-13,2693.57,19.79,0.98
2024-03-14,2718.76,19.98,0.99
2024-03-15,2666.84,19.6,0.97
2024-03-18,2685.84,19.74,0.98
2024-03-19,2656.17,19.52,0.97
2024-03-20,2690.14,19.77,0.98
2024-03-21,2754.86,20.27,1.0
2024-03-22,2748.56,20.22,1.0
2024-03-25,2737.57,20.14,1.0
2024-03-26,2757.09,20.28,1.0
2024-03-27,2755.11,20.27,1.0
2024-03-28,2745.82,20.2,1.0
2024-03-29,2746.63,20.21,1.0
2024-04-01,2747.86,20.21,1.0
2024-04-02,2753.16,20.25,1.0
2024-04-03,2706.97,19.91,0.98
2024-04-04,2742.0,20.17,1.0
2024-04-05,2714.21,19.96,0.99
2024-04-08,2717.65,19.98,0.99
2024-04-09,2705.16,19.89,0.98
2024-04-11,2706.96,19.91,0.98
2024-04-12,2681.82,19.71,0.98
2024-04-15,2670.43,19.63,0.97
2024-04-16,2609.63,19.18,0.95
2024-04-17,2584.18,18.99,0.94
2024-04-18,2634.7,19.36,0.96
2024-04-19,2591.86,19.04,0.94
2024-04-22,2629.44,19.32,0.96
2024-04-23,2623.02,19.27,0.95
2024-04-24,2675.75,19.66,0.97
2024-04-25,2628.62,19.31,0.95
2024-04-26,2656.33,19.52,0.97
2024-04-29,2687.44,19.75,0.98
2024-04-30,2692.06,19.78,0.98
2024-05-02,2683.65,20.7,0.97
2024-05-03,2676.63,20.64,0.97
2024-05-07,2734.36,21.09,0.99
2024-05-08,2745.05,21.17,1.0
2024-05-09,2712.14,20.96,0.99
2024-05-10,2727.63,21.06,0.99
2024-05-13,2727.21,21.05,0.99
2024-05-14,2730.34,21.07,0.99
2024-05-16,2753.0,21.25,1.0
2024-05-17,2724.62,21.03,0.99
2024-05-20,2742.14,21.16,1.0
2024-05-21,2724.18,21.02,0.99
2024-05-22,2723.46,21.02,0.99
2024-05-23,2721.81,21.0,0.99
2024-05-24,2687.6,20.74,0.98
2024-05-27,2722.99,21.01,0.99
2024-05-28,2722.85,21.01,0.99
2024-05-29,2677.3,20.66,0.97
2024-05-30,2635.44,20.33,0.96
2024-05-31,2636.52,20.34,0.96
2024-06-03,2682.52,20.7,0.97
2024-06-04,2662.1,20.54,0.97
2024-06-05,2689.5,20.75,0.98
2024-06-07,2722.67,21.01,0.99
2024-06-10,2701.17,20.84,0.98
2024-06-11,2705.32,20.87,0.98
2024-06-12,2728.17,21.05,0.99
2024-06-13,2754.89,21.26,1.0
2024-06-14,2758.42,21.29,1.0
2024-06-17,2744.1,18.39,0.98
2024-06-18,2763.92,18.52,0.99
2024-06-19,2797.33,18.75,1.0
2024-06-20,2807.63,18.81,1.0
2024-06-21,2784.26,18.66,1.0
2024-06-24,2764.73,18.52,0.99
2024-06-25,2774.39,18.59,0.99
2024-06-26,2792.05,18.71,1.0
2024-06-27,2784.06,18.66,1.0
2024-06-28,2797.82,18.75,1.0
2024-07-01,2804.31,18.79,1.0
2024-07-02,2780.86,18.64,1.0
2024-07-03,2794.01,18.73,1.0
2024-07-04,2824.94,18.93,1.01
2024-07-05,2862.23,19.19,1.02
2024-07-08,2857.76,19.16,1.02
2024-07-09,2867.38,19.23,1.03
2024-07-10,2867.99,19.24,1.03
2024-07-11,2891.35,19.4,1.03
2024-07-12,2857.0,19.18,1.02
2024-07-15,2860.92,19.21,1.03
2024-07-16,2866.09,19.25,1.03
2024-07-17,2843.29,19.09,1.02
2024-07-18,2824.35,18.96,1.01
2024-07-19,2795.46,18.77,1.0
2024-07-22,2763.51,18.55,0.99
2024-07-23,2774.29,18.63,0.99
2024-07-24,2758.71,18.52,0.99
2024-07-25,2710.65,18.2,0.97
2024-07-26,2731.9,18.34,0.98
2024-07-29,2765.53,18.57,0.99
2024-07-30,2738.19,18.38,0.98
2024-07-31,2770.69,18.6,0.99
2024-08-01,2777.68,18.65,1.0
2024-08-02,2676.19,17.97,0.96
2024-08-05,2441.55,16.39,0.87
2024-08-06,2522.15,16.93,0.9
2024-08-07,2568.41,17.24,0.92
2024-08-08,2556.73,17.16,0.92
2024-08-09,2588.43,17.37,0.93
2024-08-12,2618.3,17.57,0.94
2024-08-13,2621.5,17.6,0.94
2024-08-14,2644.5,17.75,0.95
2024-08-16,2697.23,18.09,0.97
2024-08-19,2674.36,17.94,0.96
2024-08-20,2696.63,18.09,0.97
2024-08-21,2701.13,18.12,0.97
2024-08-22,2707.67,18.16,0.97
2024-08-23,2701.69,18.12,0.97
2024-08-26,2698.01,18.09,0.97
2024-08-27,2689.25,18.03,0.96
2024-08-28,2689.83,18.04,0.96
2024-08-29,2662.28,17.85,0.95
2024-08-30,2674.31,17.93,0.96
2024-09-02,2681.0,17.98,0.96
2024-09-03,2664.63,17.86,0.95
2024-09-04,2580.8,17.3,0.92
2024-09-05,2575.5,17.26,0.92
2024-09-06,2544.28,17.04,0.91
2024-09-09,2535.93,16.99,0.91
2024-09-10,2523.43,16.9,0.9
2024-09-11,2513.37,16.83,0.9
2024-09-12,2572.09,17.23,0.92
2024-09-13,2575.41,17.25,0.92
2024-09-19,2580.8,14.5,0.9
2024-09-20,2593.37,14.58,0.91
2024-09-23,2602.01,14.63,0.91
2024-09-24,2631.68,14.79,0.92
2024-09-25,2596.32,14.59,0.91
2024-09-26,2671.57,15.02,0.94
2024-09-27,2649.78,14.9,0.93
2024-09-30,2593.27,14.58,0.91
2024-10-02,2561.69,14.4,0.9
2024-10-04,2569.71,14.44,0.9
2024-10-07,2610.38,14.67,0.91
2024-10-08,2594.36,14.58,0.91
2024-10-10,2599.16,14.61,0.91
2024-10-11,2596.91,14.6,0.91
2024-10-14,2623.29,14.75,0.92
2024-10-15,2633.45,14.8,0.92
2024-10-16,2610.36,14.67,0.91
2024-10-17,2609.3,14.67,0.91
2024-10-18,2593.82,14.58,0.91
2024-10-21,2604.92,14.64,0.91
2024-10-22,2570.7,14.45,0.9
2024-10-23,2599.62,14.61,0.91
2024-10-24,2581.03,14.51,0.9
2024-10-25,2583.27,14.52,0.9
2024-10-28,2612.43,14.69,0.91
2024-10-29,2617.8,14.72,0.92
2024-10-30,2593.79,14.58,0.91
2024-10-31,2556.15,14.37,0.9
2024-11-01,2542.36,14.29,0.89
2024-11-04,2588.97,14.55,0.91
2024-11-05,2576.88,14.49,0.9
2024-11-06,2563.51,14.41,0.9
2024-11-07,2564.63,14.42,0.9
2024-11-08,2561.15,14.4,0.9
2024-11-11,2531.66,14.24,0.89
2024-11-12,2482.57,13.96,0.87
2024-11-13,2417.08,13.6,0.85
2024-11-14,2418.86,13.62,0.85
2024-11-15,2416.86,13.6,0.85
2024-11-18,2469.07,13.9,0.87
2024-11-19,2471.95,13.91,0.87
2024-11-20,2482.29,14.01,0.87
2024-11-21,2480.63,14.0,0.87
2024-11-22,2501.24,14.12,0.88
2024-11-25,2534.34,14.31,0.89
2024-11-26,2520.36,14.23,0.89
2024-11-27,2503.06,14.13,0.88
2024-11-28,2504.67,14.14,0.88
2024-11-29,2455.91,13.87,0.86
2024-12-02,2454.48,13.86,0.86
2024-12-03,2500.1,14.12,0.88
2024-12-04,2464.0,13.91,0.87
2024-12-05,2441.85,13.79,0.86
2024-12-06,2428.16,13.71,0.85
2024-12-09,2360.58,13.32,0.83
2024-12-10,2417.84,13.65,0.85
2024-12-11,2442.51,13.78,0.86
2024-12-12,2482.12,14.01,0.87
2024-12-13,2494.46,14.08,0.88
2024-12-16,2488.97,14.05,0.88
2024-12-17,2456.81,13.86,0.86
2024-12-18,2484.43,14.02,0.87
2024-12-19,2435.93,12.85,0.85
2024-12-20,2404.15,12.68,0.84
2024-12-23,2442.01,12.88,0.85
2024-12-24,2440.52,12.87,0.85
2024-12-26,2429.67,12.81,0.85
2024-12-27,2404.77,12.68,0.84
2024-12-30,2399.49,12.66,0.84
2025-01-02,2398.94,12.66,0.84
2025-01-03,2441.92,12.88,0.86
2025-01-06,2488.64,13.13,0.87
2025-01-07,2492.1,13.15,0.87
2025-01-08,2521.05,13.31,0.88
2025-01-09,2521.9,13.31,0.88
2025-01-10,2515.78,13.28,0.88
2025-01-13,2489.56,13.14,0.87
2025-01-14,2497.4,13.19,0.88
2025-01-15,2496.81,13.18,0.87
2025-01-16,2527.49,13.34,0.89
2025-01-17,2523.55,13.32,0.88
2025-01-20,2520.05,13.3,0.88
2025-01-21,2518.03,13.29,0.88
2025-01-22,2547.06,13.45,0.89
2025-01-23,2515.49,13.28,0.88
2025-01-24,2536.8,13.39,0.89
2025-01-31,2517.37,13.29,0.88
2025-02-03,2453.95,12.95,0.86
2025-02-04,2481.69,13.1,0.87
2025-02-05,2509.27,13.25,0.88
2025-02-06,2536.75,13.4,0.89
2025-02-07,2521.92,13.31,0.88
2025-02-10,2521.27,13.31,0.88
2025-02-11,2539.05,13.4,0.89
2025-02-12,2548.39,13.45,0.89
2025-02-13,2583.17,13.63,0.91
2025-02-14,2591.05,13.68,0.91
2025-02-17,2610.42,13.78,0.92
2025-02-18,2626.81,13.86,0.92
2025-02-19,2671.52,14.1,0.94
2025-02-20,2654.06,14.01,0.93
2025-02-21,2654.58,14.01,0.93
2025-02-24,2645.27,13.94,0.93
2025-02-25,2630.29,13.86,0.92
2025-02-26,2641.09,13.92,0.93
2025-02-27,2621.75,13.82,0.92
2025-02-28,2532.78,13.35,0.89
2025-03-04,2528.92,13.32,0.89
2025-03-05,2558.13,13.46,0.9
2025-03-06,2576.16,13.53,0.9
2025-03-07,2563.48,13.47,0.9
2025-03-10,2570.39,13.51,0.9
2025-03-11,2537.6,13.33,0.89
2025-03-12,2574.82,13.53,0.9
2025-03-13,2573.64,13.52,0.9
2025-03-14,2566.36,13.48,0.9
2025-03-17,2610.69,13.69,0.91
2025-03-18,2612.34,13.7,0.91
2025-03-19,2628.62,13.79,0.92
2025-03-20,2637.1,13.83,0.92
2025-03-21,2643.13,13.86,0.92
2025-03-24,2632.07,13.8,0.92
2025-03-25,2615.81,13.72,0.91
2025-03-26,2643.94,13.87,0.92
2025-03-27,2607.15,13.67,0.91
2025-03-28,2557.98,13.41,0.89
2025-03-31,2481.12,13.01,0.87
2025-04-01,2521.39,13.22,0.88
2025-04-02,2505.86,13.14,0.88
2025-04-03,2486.7,13.03,0.87
2025-04-04,2465.42,12.92,0.86
2025-04-07,2328.2,12.2,0.81
2025-04-08,2334.23,12.23,0.82
2025-04-09,2293.7,12.02,0.8
2025-04-10,2445.06,12.82,0.86
2025-04-11,2432.72,12.76,0.85
2025-04-14,2455.89,12.88,0.86
2025-04-15,2477.41,12.99,0.87
2025-04-16,2447.43,12.83,0.86
2025-04-17,2470.41,12.95,0.86
2025-04-18,2483.42,13.02,0.87
2025-04-21,2488.42,13.05,0.87
2025-04-22,2486.64,13.04,0.87
2025-04-23,2525.56,13.24,0.88
2025-04-24,2522.33,13.22,0.88
2025-04-25,2546.3,13.35,0.89
2025-04-28,2548.86,13.36,0.89
2025-04-29,2565.42,13.44,0.9
2025-04-30,2556.61,13.4,0.89
2025-05-02,2559.79,12.66,0.87
2025-05-07,2573.8,12.73,0.87
2025-05-08,2579.48,12.76,0.87
2025-05-09,2577.27,12.75,0.87
2025-05-12,2607.33,12.9,0.88
2025-05-13,2608.42,12.92,0.88
2025-05-14,2640.57,13.08,0.89
2025-05-15,2621.36,12.99,0.89
2025-05-16,2626.87,13.01,0.89
2025-05-19,2603.42,12.9,0.88
2025-05-20,2601.8,12.89,0.88
2025-05-21,2625.58,13.0,0.89
2025-05-22,2593.67,12.86,0.88
2025-05-23,2592.09,12.86,0.88
2025-05-26,2644.4,13.12,0.9
2025-05-27,2637.22,13.09,0.89
2025-05-28,2670.15,13.25,0.91
2025-05-29,2720.64,13.5,0.92
2025-05-30,2697.67,13.39,0.92
2025-06-02,2698.97,13.39,0.92
2025-06-04,2770.84,13.75,0.94
2025-06-05,2812.05,13.95,0.95
2025-06-09,2855.77,14.17,0.97
2025-06-10,2871.85,14.25,0.97
2025-06-11,2907.04,14.42,0.99
2025-06-12,2920.03,13.34,0.98
2025-06-13,2894.62,13.22,0.97
2025-06-16,2946.66,13.47,0.99
2025-06-17,2950.3,13.48,0.99
2025-06-18,2972.19,13.58,1.0
2025-06-19,2977.74,13.61,1.0
2025-06-20,3021.84,13.81,1.02
2025-06-23,3014.47,13.78,1.01
2025-06-24,3103.64,14.19,1.04
2025-06-25,3108.25,14.21,1.05
2025-06-26,3079.56,14.08,1.04
2025-06-27,3055.94,13.97,1.03
2025-06-30,3071.7,14.04,1.03
2025-07-01,3089.65,14.12,1.04
2025-07-02,3075.06,14.06,1.03
2025-07-03,3116.27,14.25,1.05
2025-07-04,3054.28,13.96,1.03
2025-07-07,3059.47,13.98,1.03
2025-07-08,3114.95,14.24,1.05
2025-07-09,3133.74,14.33,1.05
2025-07-10,3183.23,14.56,1.07
2025-07-11,3175.77,14.53,1.07
2025-07-14,3202.03,14.64,1.08
2025-07-15,3215.28,14.71,1.08
2025-07-16,3186.38,14.57,1.07
2025-07-17,3192.29,14.6,1.07
2025-07-18,3188.07,14.58,1.07
2025-07-21,3210.81,14.69,1.08
2025-07-22,3169.94,14.5,1.07
2025-07-23,3183.77,14.56,1.07
2025-07-24,3190.45,14.59,1.07
2025-07-25,3196.05,14.62,1.07
2025-07-28,3209.52,14.68,1.08
2025-07-29,3230.57,14.78,1.09
2025-07-30,3254.47,14.89,1.09
2025-07-31,3245.44,14.84,1.09
2025-08-01,3119.41,14.27,1.05
2025-08-04,3147.75,14.4,1.06
2025-08-05,3198.0,14.63,1.08
2025-08-06,3198.14,14.63,1.08
2025-08-07,3227.68,14.77,1.09
2025-08-08,3210.01,14.69,1.08
2025-08-11,3206.77,14.67,1.08
2025-08-12,3189.91,14.59,1.07
2025-08-13,3224.37,14.75,1.09
2025-08-14,3225.66,14.76,1.09
2025-08-18,3177.28,14.54,1.07
2025-08-19,3151.56,14.42,1.06
2025-08-20,3130.09,14.32,1.05
2025-08-21,3141.74,14.37,1.06
2025-08-22,3168.73,14.49,1.07
2025-08-25,3209.86,14.68,1.08
2025-08-26,3179.36,14.54,1.07
2025-08-27,3187.16,14.58,1.07
2025-08-28,3196.32,14.62,1.08
2025-08-29,3186.01,14.57,1.07
2025-09-01,3142.93,14.38,1.06
2025-09-02,3172.35,14.51,1.07
2025-09-03,3184.42,14.57,1.07
2025-09-04,3200.83,14.64,1.08
2025-09-05,3205.12,14.67,1.08
2025-09-08,3219.59,14.74,1.08
2025-09-09,3260.05,14.93,1.1
2025-09-10,3314.53,15.18,1.12
2025-09-11,3344.2,15.31,1.13
2025-09-12,3395.54,15.55,1.14
2025-09-15,3407.31,15.6,1.15
2025-09-16,3449.62,15.93,1.16
2025-09-17,3413.4,15.76,1.14
2025-09-18,3461.3,15.98,1.16
2025-09-19,3445.24,15.91,1.15
2025-09-22,3468.65,16.02,1.16
2025-09-23,3486.19,16.1,1.17
2025-09-24,3472.14,16.03,1.16
2025-09-25,3471.11,16.03,1.16
2025-09-26,3386.05,15.63,1.13
2025-09-29,3431.21,15.84,1.15
2025-09-30,3424.6,15.81,1.15
2025-10-01,3455.83,15.95,1.16
2025-10-02,3549.21,16.39,1.19
2025-10-10,3610.6,16.67,1.21
2025-10-13,3584.55,16.55,1.2
2025-10-14,3561.81,16.44,1.19
2025-10-15,3657.28,16.89,1.23
2025-10-16,3748.37,17.31,1.26
2025-10-17,3748.89,17.31,1.26
2025-10-20,3814.69,17.62,1.28
2025-10-21,3823.84,17.66,1.28
2025-10-22,3883.68,17.93,1.3
2025-10-23,3845.56,17.75,1.29
2025-10-24,3941.59,18.2,1.32
2025-10-27,4042.83,18.67,1.35
2025-10-28,4010.41,18.52,1.34
2025-10-29,4081.15,18.85,1.37
2025-10-30,4086.89,18.87,1.37
2025-10-31,4107.5,18.97,1.38
2025-11-03,4221.87,19.5,1.41
2025-11-04,4121.74,19.04,1.38
2025-11-05,4004.42,18.49,1.34
2025-11-06,4026.45,18.59,1.35
2025-11-07,3953.76,18.26,1.32
2025-11-10,4073.24,18.81,1.36
2025-11-11,4106.39,18.97,1.38
2025-11-12,4150.39,19.17,1.39
2025-11-13,4170.63,19.27,1.4
2025-11-14,4011.57,18.53,1.34
2025-11-17,4089.25,18.89,1.37
2025-11-18,3953.62,18.26,1.33
2025-11-19,3929.51,18.15,1.32
2025-11-20,4004.85,18.5,1.34
2025-11-21,3853.26,17.8,1.29
2025-11-24,3846.06,17.76,1.29
2025-11-25,3857.78,17.81,1.29
2025-11-26,3960.87,18.28,1.33
2025-11-27,3986.91,18.41,1.34
2025-11-28,3926.59,18.12,1.32
2025-12-01,3920.37,18.1,1.31
2025-12-02,3994.93,18.44,1.34
2025-12-03,4036.3,18.62,1.35
2025-12-04,4028.51,18.58,1.35
2025-12-05,4100.05,18.92,1.37
2025-12-08,4154.85,19.17,1.39
2025-12-09,4143.55,19.11,1.39
2025-12-10,4135.0,19.07,1.38
2025-12-11,4110.62,18.96,1.38
2025-12-12,4167.16,19.21,1.39
2025-12-15,4090.59,18.85,1.37
2025-12-16,3999.13,16.66,1.28
2025-12-17,4056.41,16.9,1.3
2025-12-18,3994.51,16.64,1.28
2025-12-19,4020.55,16.75,1.29
2025-12-22,4105.93,17.1,1.32
2025-12-23,4117.32,17.15,1.32
2025-12-24,4108.62,17.12,1.32
2025-12-26,4129.68,17.2,1.32
2025-12-29,4220.56,17.59,1.35
2025-12-30,4214.17,17.56,1.35
2026-01-02,4309.63,17.97,1.38
2026-01-05,4457.52,18.59,1.43
2026-01-06,4525.48,18.88,1.45
2026-01-07,4551.06,18.98,1.46
2026-01-08,4552.37,18.99,1.46
2026-01-09,4586.32,19.15,1.47
2026-01-12,4624.79,19.31,1.49
2026-01-13,4692.64,19.6,1.51
2026-01-14,4723.1,19.73,1.52
2026-01-15,4797.55,20.04,1.54
2026-01-16,4840.74,20.22,1.56
2026-01-19,4904.66,20.49,1.58
2026-01-20,4885.75,20.41,1.57
2026-01-21,4909.93,20.52,1.58
2026-01-22,4952.53,20.69,1.59
2026-01-23,4990.07,20.85,1.6
2026-01-26,4949.59,20.68,1.59
2026-01-27,5084.85,21.25,1.64
2026-01-28,5170.81,21.61,1.66
2026-01-29,5221.25,21.83,1.68
2026-01-30,5224.36,21.84,1.68
2026-02-02,4949.67,20.69,1.59
2026-02-03,5288.08,22.11,1.7
2026-02-04,5371.1,22.46,1.73
2026-02-05,5163.57,21.58,1.66
2026-02-06,5089.14,21.27,1.64
2026-02-09,5298.04,22.15,1.7
2026-02-10,5301.69,22.16,1.71
2026-02-11,5354.49,22.38,1.72
2026-02-12,5522.27,23.09,1.78
2026-02-13,5507.01,23.03,1.77
2026-02-19,5677.25,23.74,1.83
2026-02-20,5808.53,24.3,1.87
2026-02-23,5846.09,24.37,1.88
2026-02-24,5969.64,24.89,1.92
2026-02-25,6083.86,25.37,1.95
2026-02-26,6307.27,26.3,2.02
2026-02-27,6244.13,26.04,2.0
2026-03-03,5791.91,24.15,1.86
2026-03-04,5093.54,21.23,1.63
2026-03-05,5583.9,23.28,1.79
2026-03-06,5584.87,23.29,1.79
2026-03-09,5251.87,21.9,1.69
2026-03-10,5532.59,23.07,1.78
2026-03-11,5609.95,23.4,1.8
2026-03-12,5583.25,23.28,1.79
2026-03-13,5487.24,22.88,1.76
2026-03-16,5549.85,23.14,1.78
2026-03-17,5640.48,23.52,1.81
2026-03-18,5925.03,24.71,1.9
2026-03-19,5763.22,24.03,1.85
2026-03-20,5781.2,24.1,1.85
2026-03-23,5405.75,22.52,1.73
2026-03-24,5553.92,23.12,1.78
2026-03-25,5642.21,23.49,1.81
2026-03-26,5460.46,22.73,1.75
2026-03-27,5438.87,22.64,1.74
2026-03-30,5277.3,21.96,1.69
2026-03-31,5052.46,21.01,1.62
2026-04-01,5478.7,22.8,1.76
2026-04-02,5234.05,21.77,1.68
2026-04-03,5377.3,22.37,1.72
2026-04-06,5450.33,22.69,1.75
2026-04-07,5494.78,22.87,1.76
2026-04-08,5872.34,24.44,1.88
2026-04-09,5778.01,24.04,1.85
2026-04-10,5858.87,24.37,1.88
2026-04-13,5808.62,24.15,1.86
2026-04-14,5967.75,24.74,1.91
2026-04-15,6091.39,25.24,1.95
2026-04-16,6226.05,25.81,1.99
2026-04-17,6191.92,25.66,1.98
2026-04-20,6219.09,25.78,1.99
2026-04-21,6388.47,26.48,2.04
2026-04-22,6417.93,26.61,2.05
2026-04-23,6475.81,26.84,2.07
2026-04-24,6475.63,26.83,2.07
2026-04-27,6615.03,27.42,2.11
2026-04-28,6641.02,27.52,2.12
2026-04-29,6690.9,27.74,2.14
2026-04-30,6598.87,27.36,2.11
2026-05-04,6936.99,26.41,2.12
2026-05-06,7384.56,28.12,2.26
2026-05-07,7490.05,28.52,2.29
2026-05-08,7498.0,28.55,2.29
2026-05-11,7822.24,29.79,2.39
2026-05-12,7643.15,29.1,2.34
2026-05-13,7844.01,29.87,2.4
2026-05-14,7981.41,30.4,2.44
2026-05-15,7493.18,28.52,2.29
2026-05-18,7516.04,28.61,2.3
2026-05-19,7271.66,27.68,2.22
2026-05-20,7208.95,27.44,2.21
2026-05-21,7815.59,29.76,2.39
2026-05-22,7847.71,29.88,2.4
2026-05-26,8047.51,30.64,2.46
2026-05-27,8228.7,31.33,2.52
2026-05-28,8185.29,31.17,2.51
2026-05-29,8476.15,32.28,2.59
2026-06-01,8788.38,33.47,2.69
2026-06-02,8801.49,33.52,2.69
2026-06-04,8639.41,32.9,2.64
2026-06-05,8160.59,31.08,2.5
2026-06-08,7484.41,28.5,2.29
2026-06-09,8096.93,30.82,2.48
2026-06-10,7730.82,29.42,2.36
2026-06-11,7763.95,29.54,2.37
2026-06-12,8123.62,22.1,2.31
2026-06-15,8545.98,23.26,2.43
2026-06-16,8726.6,23.74,2.48
2026-06-17,8864.24,24.12,2.52
2026-06-18,9063.84,24.66,2.58
2026-06-19,9052.42,24.63,2.58
2026-06-22,9114.55,24.8,2.59
2026-06-23,8203.84,22.32,2.33
2026-06-24,8471.02,23.05,2.41
2026-06-25,8930.3,24.3,2.54
2026-06-26,8411.21,22.88,2.39
2026-06-29,8394.65,22.84,2.39
2026-06-30,8476.48,23.06,2.41
2026-07-01,8303.41,22.59,2.36
2026-07-02,7648.09,20.8,2.17
2026-07-03,8088.34,22.0,2.3
2026-07-06,8051.33,21.9,2.29
2026-07-07,7656.31,20.82,2.18
2026-07-08,7246.79,19.71,2.06
2026-07-09,7291.91,19.83,2.07
2026-07-10,7475.94,20.33,2.13
2026-07-13,6806.93,18.51,1.94
2026-07-14,6856.83,18.65,1.95
2026-07-15,7284.41,19.81,2.07
2026-07-16,6820.6,18.54,1.94
2026-07-20,6516.27,17.71,1.85
2026-07-21,6747.95,18.34,1.92
2026-07-22,6797.7,18.48,1.93
2026-07-23,7096.89,19.29,2.02
2026-07-24,6690.62,18.19,1.9
2026-07-27,6755.75,18.36,1.92
2026-07-28,6023.66,16.37,1.71
2026-07-29,5663.24,15.48,1.62
2026-07-30,5593.56,15.28,1.6
2026-07-31,6595.45,18.03,1.88
2026-08-03,6257.45,17.1,1.79
2026-08-04,6358.95,17.38,1.82
2026-08-05,6598.26,18.04,1.89
2026-08-06,6296.38,17.21,1.8
2026-08-07,6258.77,17.11,1.79
2026-08-10,6299.66,17.22,1.8
2026-08-11,6345.53,17.35,1.81
2026-08-12,6579.04,17.99,1.88
2026-08-13,6813.34,18.63,1.95
2026-08-14,6977.94,19.08,2.0
2026-08-18,6869.83,18.78,1.97
2026-08-19,6471.17,17.69,1.85
2026-08-20,6852.58,18.74,1.96
2026-08-21,6912.95,18.9,1.98
2026-08-24,6696.96,18.31,1.92
2026-08-25,6742.74,18.43,1.93
2026-08-26,6808.21,18.61,1.95
2026-08-27,6912.37,18.89,1.98
2026-08-28,6788.88,18.55,1.94
2026-08-31,6820.02,18.64,1.95
2026-09-01,6835.8,18.68,1.95
2026-09-02,6562.72,17.93,1.88
2026-09-03,6579.48,17.98,1.88
2026-09-04,6687.21,18.28,1.91
2026-09-07,6995.39,19.12,2.0
2026-09-08,6954.52,19.01,1.99
2026-09-09,7051.64,19.27,2.02
2026-09-10,7033.92,19.22,2.01
2026-09-11,6909.91,18.88,1.98
